"method","config","heterogeneity_type","n_total","K","bias_mean","bias_sd","rmse","se_mean","coverage","ci_width_mean","ci_width_sd","n_success","estimand_type","dgp_type","n_folds","elapsed_min"
"federated_dr","C1","none",5000,3,0.000162289402785206,0.0101816378147398,0.0101574483851922,0.0116959266838013,0.97,0.0458471901321431,0.00107912497045441,200,"superpopulation","facec",5,12.18
"inverse_variance","C1","none",5000,3,0.0113152060106263,0.00967038623005628,0.0148688491502262,0.0182766199174204,0.97,0.0716430335945426,0.0162483446880596,200,"superpopulation","facec",5,12.18
"one_round_crossfit","C1","none",5000,3,0.00169227749837382,0.0107819052334461,0.0108872419001416,0.0102416825285358,0.93,0.0401466577940465,0.000438758095302173,200,"superpopulation","facec",5,12.18
"oracle_dr","C1","none",5000,3,-0.000185364172710009,0.00867919343893424,0.00865945244419134,0.0123099354972855,0.985,0.0482540604533816,0.000724779185437785,200,"superpopulation","facec",5,12.18
"pooled_dr","C1","none",5000,3,-0.000149812919208251,0.0101278478460625,0.0101036072466119,0.0121974844364381,0.975,0.0478132603948131,0.00146779972334493,200,"superpopulation","facec",5,12.18
"sample_size","C1","none",5000,3,0.0117564601600163,0.00961769237542479,0.0151740522632951,0.0174725172409099,0.955,0.068491009022877,0.0196380010710301,200,"superpopulation","facec",5,12.18
"target_only","C1","none",5000,3,-0.000203774490628387,0.01950685031271,0.019459089061924,0.0183705552526234,0.925,0.0720112533422897,0.0013515612878239,200,"superpopulation","facec",5,12.18
"tilted_aipw","C1","none",5000,3,-0.00360308145867354,0.0110486347328816,0.0115950059858187,0.0129472895369684,0.975,0.0507524423797406,0.00179502710733784,200,"superpopulation","facec",5,12.18
"two_round_crossfit","C1","none",5000,3,0.00229963452121505,0.0106110510379153,0.0108314242387491,0.0102694762690809,0.92,0.0402556072549746,0.000439157509890815,200,"superpopulation","facec",5,12.18
