K,p,seed,kf,tag,mode,fold,source,required_delta,observed_delta,model_delta_true_pi,source_bias_observed,source_bias_model_true_pi,outcome_noise_delta,intercept_gap_true_pi,weight_mean_treated,weight_max,gamma_score_linf,alpha_init_score_linf,alpha_final_gamma_score_linf
4,10,364,10,c2score_k4p10_seed364,two_round,8,s3,0.0393138702261232,-0.193947665016534,0.030623214280953,-0.233261535242657,-0.00869065594517016,-0.199693261657961,0.0567021883143772,2.13054515603529,2.49226613398157,0.0327617386049482,0.0397843977037408,0.0400931582884477
4,10,364,10,c2score_k4p10_seed364,one_round,8,s3,0.0394410584215764,-0.193496318326733,0.0307140107274254,-0.232937376748309,-0.00872704769415098,-0.199371306293877,0.055028344330095,2.12714775555406,2.48812608466052,0.0331233380838061,0.0399422164600203,0.0400295375552216
4,10,564,10,c2score_k4p10_seed564,one_round,3,s3,-0.0038019900942537,-0.22003606873594,0.000585419296368103,-0.216234078641686,0.0043874093906218,-0.216642509764261,0.0231739503435631,1.9970674311428,2.45702355136579,0.0233397615834119,0.0323197359205812,0.032231415869813
4,10,564,10,c2score_k4p10_seed564,two_round,3,s3,-0.00406091279654058,-0.220139851357303,0.000425455923514358,-0.216078938560762,0.00448636872005494,-0.217201054538212,0.0229306139758649,1.99712909874481,2.47875183582697,0.0212114700112808,0.0462590672960545,0.0461192361912228
4,10,364,10,c2score_k4p10_seed364,one_round,3,s3,0.0399580279060264,-0.167584866916119,0.0320692666552778,-0.207542894822145,-0.0078887612507486,-0.181025402009149,0.0265276864646102,1.89206586284353,2.45695494619734,0.0272396486211622,0.0471376157503122,0.0467490903448559
4,10,364,10,c2score_k4p10_seed364,two_round,3,s3,0.0407022026620967,-0.16497940395621,0.0345738371420931,-0.205681606618306,-0.00612836552000361,-0.180308232640637,0.0313693381513005,1.90717521940379,2.4165230931385,0.0325531237816348,0.047104013672466,0.046824001633322
3,10,220,10,c2score_k3p10_seed220,two_round,1,s3,0.0366681853093621,-0.164290940362893,0.00643273272867684,-0.200959125672255,-0.0302354525806852,-0.155563280414785,-0.0131562373496904,1.86799587971456,3.24448208656728,0.0161376530983852,0.0176924574938146,0.018031710908593
3,10,220,10,c2score_k3p10_seed220,one_round,6,s2,0.0478632715434134,-0.151371236672547,-0.000935977163964224,-0.19923450821596,-0.0487992487073777,-0.160620542788618,0.0856603511995619,2.38029636444809,2.38029636444809,0.0355341357775511,0.0423391368540949,0.0423886145522383
3,10,220,10,c2score_k3p10_seed220,two_round,6,s2,0.0604217236294189,-0.138657732499523,0.0126898089315542,-0.199079456128942,-0.0477319146978646,-0.160513944148216,0.0849398336657088,2.37871663901697,2.37871663901697,0.0356881660368678,0.0428625399747348,0.0428914206976783
3,10,220,10,c2score_k3p10_seed220,one_round,1,s3,0.0399721352786388,-0.157626815855807,0.00504971156217856,-0.197598951134446,-0.0349224237164602,-0.155287344576195,-0.013458653047143,1.86844295006823,3.14023784696064,0.0179912473893653,0.0520015861762631,0.0561503395164445
4,10,364,10,c2score_k4p10_seed364,one_round,10,s1,0.00917596706358797,-0.187496647893529,-0.000539989215187077,-0.196672614957117,-0.00971595627877505,-0.145842629587722,-0.00722646725387066,1.96994176225202,2.9362002217277,0.0153713272614166,0.0158446147912359,0.0178973660883696
3,10,340,10,c2score_k3p10_seed340,two_round,2,s2,0.0239357047278789,-0.168729730733302,-0.0123271033248488,-0.192665435461181,-0.0362628080527276,-0.166414814585293,-0.0467213978078751,2.3384027273745,2.3384027273745,0.0460936198972743,0.0385501596750019,0.036491960060736
3,10,40,10,c2score_k3p10_seed40,one_round,8,s2,0.0226457333774528,-0.165205311334382,-0.0314436713920738,-0.187851044711835,-0.0540894047695266,-0.143374674596397,0.0378659598703617,2.32948542507257,3.67662062391034,0.0250082736104866,0.0190934690458257,0.0192898076672192
3,10,40,10,c2score_k3p10_seed40,two_round,8,s2,0.0310679073502169,-0.156208370504084,-0.0220486566282012,-0.187276277854301,-0.0531165639784181,-0.143400178797148,0.038137600765018,2.33004168547479,3.67064830391728,0.0246023907518371,0.020200880370134,0.0222189086036228
3,10,40,10,c2score_k3p10_seed40,two_round,5,s1,-0.0200719757613801,0.156126819573585,-0.00406761167148358,0.176198795334965,0.0160043640898965,0.142654318196376,0.00159911923252887,1.94223001234496,1.94223001234496,0.0339917414680636,0.0212555513058203,0.0237513949768803
3,10,340,10,c2score_k3p10_seed340,one_round,2,s2,0.0244327516546895,-0.148972412616475,0.00440524742700161,-0.173405164271164,-0.0200275042276879,-0.166073473166889,-0.0458220367713474,2.36742893099429,4.91397067237494,0.0202561653763236,0.0265380180026916,0.0279027692059725
4,10,564,10,c2score_k4p10_seed564,two_round,1,s1,-0.0213673188028765,-0.192617593449376,-0.0223768331219175,-0.171250274646499,-0.00100951431904097,-0.153120313270435,-0.0177445229145804,1.84681701872398,2.94099580677988,0.0143687275397646,0.0431105554289532,0.0421532646095418
3,10,40,10,c2score_k3p10_seed40,one_round,5,s1,-0.021337680877013,0.149413154441785,-0.00726487377818819,0.170750835318798,0.0140728070988248,0.138185348190145,0.0211055921665497,1.95123228440711,3.60996288717662,0.0221267781795465,0.0466878755206568,0.0446792347363684
4,10,564,10,c2score_k4p10_seed564,one_round,1,s1,-0.0225874201970993,-0.192790193677917,-0.0231434984035448,-0.170202773480817,-0.000556078206445494,-0.152404326550682,-0.0199694381296626,1.84156121119757,2.95883717811834,0.0148663704755699,0.0437209542081102,0.0421019373582808
4,10,464,10,c2score_k4p10_seed464,two_round,6,s2,0.0253746422635133,-0.143353673785516,-0.0113450145962389,-0.16872831604903,-0.0367196568597522,-0.139459535485528,-0.00487289359538734,2.34444590300184,2.34444590300184,0.0255851344029959,0.0427104105179823,0.0425456009776227
4,10,464,10,c2score_k4p10_seed464,one_round,6,s2,0.0253746422635133,-0.143234919944559,-0.0113356164132454,-0.168609562208072,-0.0367102586767587,-0.139344007539437,-0.00569725451342973,2.3425037696156,2.3425037696156,0.0256690397378955,0.0427104105179823,0.0425103563033948
4,10,564,10,c2score_k4p10_seed564,one_round,10,s1,0.00802549040941655,0.174644753572709,0.020447542348529,0.166619263163292,0.0124220519391125,0.155776489165387,-0.020408822391488,1.85172664031186,3.03397434224587,0.0192307589942783,0.0319026235056784,0.0334078371539946
4,10,564,10,c2score_k4p10_seed564,two_round,10,s1,0.00641782911761432,0.17289944949106,0.0161723524041208,0.166481620373446,0.00975452328650651,0.156235371235654,-0.0245684313639226,1.84702415146629,3.42382243001859,0.0142551707974273,0.0329114260150784,0.0318934295419145
3,10,460,10,c2score_k3p10_seed460,one_round,5,s2,0.0292546760246832,-0.131997813048021,0.0206124813961352,-0.161252489072704,-0.008642194628548,-0.142756687845099,0.0465882521706324,2.50742235753862,2.50742235753862,0.0417296801523073,0.0439253633508595,0.0422399484698427
3,10,460,10,c2score_k3p10_seed460,two_round,5,s2,0.0275196834525987,-0.13292000944317,0.020556239012751,-0.160439692895769,-0.00696344443984767,-0.142774156250193,0.0467163178173762,2.50772917797656,2.50772917797656,0.0420388328024863,0.0276901497612963,0.0283553701118216
3,10,460,10,c2score_k3p10_seed460,one_round,7,s2,0.0466145802916912,-0.108935967596192,-0.0189722157715547,-0.155550547887883,-0.0655867960632459,-0.0867236700900691,0.13365770026848,2.50725616270947,2.50725616270947,0.0311991697449353,0.0381221967770996,0.0381204400798575
3,10,460,10,c2score_k3p10_seed460,two_round,7,s2,0.0468395832585097,-0.108639816251586,-0.0200665417684881,-0.155479399510096,-0.0669061250269978,-0.0867208804452831,0.13362123384254,2.50717551167067,2.50717551167067,0.0314299846635911,0.0217846880683748,0.0217835860434571
4,10,464,10,c2score_k4p10_seed464,two_round,5,s3,0.0700699791512297,-0.0804110578674255,0.0298951551845199,-0.150481037018655,-0.0401748239667099,-0.0924528586052992,0.0222619070547989,2.02234976094396,2.46431529153793,0.0274716518300726,0.0292505984094863,0.0299550284928154
4,10,364,10,c2score_k4p10_seed364,two_round,10,s1,-0.00703190114503967,-0.154973270997741,0.00146065362781129,-0.147941369852701,0.00849255477285096,-0.132275537340643,-0.0259817711070968,1.86117845971036,1.86117845971036,0.0346236180356638,0.0506732982535006,0.0469310363813495
4,10,464,10,c2score_k4p10_seed464,one_round,5,s3,0.0675555813924165,-0.0779207180211189,0.0362547604240462,-0.145476299413535,-0.0313008209683704,-0.0944130525842174,0.0217675492764806,2.01499537246173,2.63657687572719,0.0167046191170269,0.0444047516040564,0.0450614885506614
3,10,120,10,c2score_k3p10_seed120,two_round,1,s3,0.0134501742746194,-0.131717581641289,0.00213558362089808,-0.145167755915909,-0.0113145906537213,-0.129367916251263,0.0222257282598644,1.97672722563563,2.42319395905881,0.0254978116761093,0.0298613174347507,0.0305503019590211
4,10,464,10,c2score_k4p10_seed464,one_round,10,s1,0.0509327100581247,-0.0939201881245329,0.0246006860338039,-0.144852898182658,-0.0263320240243208,-0.106748378934137,0.00932877805912158,1.94095565072313,1.94095565072313,0.0398826431193766,0.0410078055809407,0.0423455242372804
4,10,464,10,c2score_k4p10_seed464,two_round,10,s1,0.0438007218777959,-0.100914225146784,0.0173753776507759,-0.14471494702458,-0.0264253442270199,-0.106584059221695,0.00777509999650139,1.93796790254771,1.93796790254771,0.0409382514899895,0.0424708840129929,0.0425207729816906
3,10,120,10,c2score_k3p10_seed120,one_round,1,s3,0.0138761672855144,-0.127947620730443,0.00558386187699748,-0.141823788015957,-0.00829230540851689,-0.129425747695743,0.0234395774952938,1.97917382571862,2.36226690065098,0.034986154609398,0.0301997420305715,0.029535284135176
4,10,364,10,c2score_k4p10_seed364,one_round,5,s4,-0.00832012994390695,0.133407504131726,-0.00214438444452417,0.141727634075633,0.00617574549938278,0.127895032453738,0.0615501354172914,1.94370621655305,9.45969295427601,0.0173032388379932,0.0366996116727561,0.0363149368338334
3,10,340,10,c2score_k3p10_seed340,one_round,9,s3,-0.00719972168471772,0.132937798513101,0.0304869196059267,0.140137520197819,0.0376866412906444,0.106005399725112,-0.0460840252471146,1.74791662220894,3.73815511995263,0.0144651590349802,0.0149592618404453,0.0174594486139063
3,10,340,10,c2score_k3p10_seed340,two_round,9,s3,-0.00965352951805287,0.129726561636001,0.0284943734715849,0.139380091154053,0.0381479029896377,0.105380252127509,-0.0483997218928227,1.74964240094028,3.45363592026557,0.0173023909006121,0.0220253136459644,0.0236660394390042
4,10,564,10,c2score_k4p10_seed564,two_round,3,s4,0.0146557682918536,-0.124289067484596,0.00908134970700319,-0.13894483577645,-0.00557441858485046,-0.124912134995837,0.0169612537788966,1.8615916491294,3.71612901213825,0.0233010260080624,0.0111447421387289,0.0113839064950992
4,10,464,10,c2score_k4p10_seed464,one_round,2,s2,0.0038861075992977,-0.134671975554524,-0.000270344540603492,-0.138558083153822,-0.00415645213990119,-0.148708488982422,0.00950996393346104,2.3679347384009,2.3679347384009,0.0250276720586124,0.0375303563530445,0.0376106420944223
4,10,464,10,c2score_k4p10_seed464,two_round,2,s2,0.0038861075992977,-0.133383938693211,-0.000267758896989678,-0.137270046292509,-0.00415386649628738,-0.147286203353872,-0.00014524488081058,2.34528721120984,2.34528721120984,0.0267949524947358,0.0375303563530445,0.0372509243937218
3,10,120,10,c2score_k3p10_seed120,one_round,6,s2,0.0412292996342246,-0.0956254080433415,0.008053719588392,-0.136854707677566,-0.0331755800458326,-0.101913455619054,0.00675680712515869,2.29373344741167,2.29373344741167,0.0319961657467179,0.0345163730137554,0.0338627367489651
3,10,120,10,c2score_k3p10_seed120,two_round,6,s2,0.0412292996342246,-0.0956240258619295,0.00805360317893828,-0.136853325496154,-0.0331756964552864,-0.101911982549429,0.00674225533841444,2.29370029350624,2.29370029350624,0.031849814988175,0.0345163730137554,0.0338622472928022
4,10,364,10,c2score_k4p10_seed364,two_round,5,s4,-0.00832012994390695,0.128257236007373,-0.00993656804936702,0.136577365951279,-0.00161643810546007,0.132058159749693,0.0563425433308236,1.92294633481314,8.25698324782408,0.0253538572404482,0.0366996116727561,0.0361098574861629
3,10,40,10,c2score_k3p10_seed40,one_round,10,s3,0.0503006166488829,-0.0835671503153815,0.0285260985564188,-0.133867766964264,-0.0217745180924641,-0.126876585367283,-0.038135969862655,1.93650639375739,2.56901449227234,0.0217698119064379,0.0308946362777334,0.0302563429985747
3,10,40,10,c2score_k3p10_seed40,two_round,10,s3,0.0500690672734776,-0.0837507808816104,0.0292486400958489,-0.133819848155088,-0.0208204271776287,-0.128775405320669,-0.0307498359341507,1.95451176601017,2.71146037364558,0.0163456859825301,0.0309979814003927,0.0298906214690548
4,10,464,10,c2score_k4p10_seed464,two_round,6,s3,0.0540537024778403,-0.079184471276133,0.0303160642091858,-0.133238173753973,-0.0237376382686546,-0.125592020792395,0.0280415731658727,2.03591957903694,2.48839774609744,0.0247795916229973,0.0447302126711407,0.0416980479039277
4,10,564,10,c2score_k4p10_seed564,one_round,3,s4,0.0117451176493582,-0.120266438593573,0.0133965389172702,-0.132011556242932,0.00165142126791199,-0.125264186148387,0.017445940168658,1.86251950164295,3.74435393983412,0.0207502886412745,0.0428834565242383,0.0425243934135192
4,10,464,10,c2score_k4p10_seed464,one_round,6,s3,0.053469897067096,-0.0782915153198318,0.0276489228763728,-0.131761412386928,-0.0258209741907232,-0.122769186808747,0.0273781142465088,2.02662584268059,2.40436539885658,0.0316355605134443,0.042834236479829,0.0425218484673326
3,10,220,10,c2score_k3p10_seed220,one_round,8,s2,0.00943284843311987,-0.119375125242123,0.0131628484419208,-0.128807973675243,0.00373000000880094,-0.123606028800953,0.012021259025538,2.37945286745742,2.37945286745742,0.0411910813128825,0.0157582028037235,0.0155224887541662
3,10,220,10,c2score_k3p10_seed220,two_round,8,s2,0.0174530478643774,-0.110623739721842,0.0368923794263239,-0.12807678758622,0.0194393315619465,-0.13025899101848,0.00835399116378022,2.32190860744086,6.71513527108568,0.0179659408346989,0.017150766933146,0.022291825002828
