K,p,seed,kf,tag,mode,estimate,truth_superpopulation,bias_vs_superpopulation,se,target_estimate,target_bias_vs_superpopulation,weight_sum,n_fold_source,mean_gamma_intercept_abs,mean_gamma_linf,mean_alpha_init_intercept_abs,mean_alpha_init_linf,mean_alpha_final_gamma_intercept_abs,mean_alpha_final_gamma_linf,mean_required_delta,mean_observed_delta,mean_model_delta_true_pi,mean_source_bias_observed,mean_source_bias_model_true_pi,mean_intercept_gap_true_pi,source_file
3,10,120,10,c2score_k3p10_seed120,one_round,0.55602874725443,0.585287747338966,-0.0292590000845364,0.0103466433828962,0.536945812722157,-0.0483419346168092,0.68396295322384,30,2.27940242972716e-05,0.0266939812271538,6.06825322680427e-05,0.0309639512439929,0.00127583804220933,0.0311210713327156,0.0153893932601868,-0.000111540757672814,0.0115755189082827,-0.0155009340178596,-0.00381387435190404,0.0195406920127384,c2score_k3p10_seed120_n5000_K3_p10_seed120_kf10_run_summary.csv
3,10,120,10,c2score_k3p10_seed120,two_round,0.557242116939514,0.585287747338966,-0.0280456303994522,0.0105865605392836,0.536980308050432,-0.048307439288534,0.671552473126307,30,2.43315275546145e-05,0.0251692126602923,6.04856450343685e-05,0.0310615275051138,0.00126959941581395,0.0311904759004137,0.0154896116910677,-0.000585648123168864,0.0114503652527148,-0.0160752598142365,-0.00403924643835288,0.0204672311845533,c2score_k3p10_seed120_n5000_K3_p10_seed120_kf10_run_summary.csv
3,10,220,10,c2score_k3p10_seed220,one_round,0.570273777611387,0.585287747338966,-0.0150139697275792,0.0106098023556161,0.566535592828255,-0.0187521545107109,0.676164727443457,30,1.71334528004665e-05,0.0266599215513406,6.52041664868446e-05,0.031974199765547,0.00296038016557965,0.0321027984516447,0.023835034154298,0.000170836235571634,0.0160024931319578,-0.0236641979187264,-0.00783254102234016,0.0163526568146271,c2score_k3p10_seed220_n5000_K3_p10_seed220_kf10_run_summary.csv
3,10,220,10,c2score_k3p10_seed220,two_round,0.567213450754935,0.585287747338966,-0.0180742965840313,0.0102343941794497,0.565958415431565,-0.0193293319074014,0.696805230662848,30,1.58185520006529e-05,0.0259038365259452,6.59365537160144e-05,0.0299356411003214,0.00217681002821857,0.0304593898891219,0.0258644534769942,0.00212624265553084,0.0181594411295026,-0.0237382108214633,-0.00770501234749156,0.0158600200111628,c2score_k3p10_seed220_n5000_K3_p10_seed220_kf10_run_summary.csv
3,10,340,10,c2score_k3p10_seed340,one_round,0.567671690139873,0.585287747338966,-0.017616057199093,0.010206161727435,0.556305234965126,-0.0289825123738403,0.687324917886596,30,2.97048289317128e-05,0.0235763620313762,0.000175479837938167,0.0328588430047012,0.00324103229074196,0.0323169962690499,0.0195007574782297,0.000371907411374423,0.0137912200123496,-0.0191288500668552,-0.00570953746588004,-0.0275365500946646,c2score_k3p10_seed340_n5000_K3_p10_seed340_kf10_run_summary.csv
3,10,340,10,c2score_k3p10_seed340,two_round,0.566781119334145,0.585287747338966,-0.0185066280048211,0.0102648020400369,0.556020408428094,-0.0292673389108723,0.685748867721414,30,2.71327404791831e-05,0.0232623446730259,0.000173060417000661,0.032308634752206,0.00316720556784155,0.0323043829391534,0.0198010197825979,0.000972065577046665,0.0142955230887063,-0.0188289542055512,-0.00550549669389164,-0.0265388302374279,c2score_k3p10_seed340_n5000_K3_p10_seed340_kf10_run_summary.csv
3,10,40,10,c2score_k3p10_seed40,one_round,0.560791967907449,0.585287747338966,-0.0244957794315169,0.0106266369166948,0.541329456956696,-0.0439582903822708,0.690015707716512,30,1.20784767275999e-05,0.0231306042502697,0.000108558368461438,0.0310434362067695,0.00302789306764864,0.031146457401658,0.0167832110727305,0.00130002860567729,0.00670299211930833,-0.0154831824670532,-0.0100802189534222,0.000724816489438629,c2score_k3p10_seed40_n5000_K3_p10_seed40_kf10_run_summary.csv
3,10,40,10,c2score_k3p10_seed40,two_round,0.562379815407373,0.585287747338966,-0.0229079319315936,0.0107370042040424,0.54242851587397,-0.0428592314649967,0.686045029364101,30,1.40119110132305e-05,0.0258253466283913,0.000107887508554528,0.0331141071987971,0.00332401234493624,0.0333752333443739,0.0162985685122917,9.51706176821455e-05,0.00538986434256625,-0.0162033978946096,-0.0109087041697255,0.000347180959317076,c2score_k3p10_seed40_n5000_K3_p10_seed40_kf10_run_summary.csv
3,10,460,10,c2score_k3p10_seed460,one_round,0.574638215033264,0.585287747338966,-0.0106495323057024,0.0102697942563276,0.565056492123415,-0.0202312552155516,0.701528641113238,30,1.86684504274412e-05,0.0268150947773242,5.64190394530739e-05,0.0301315893534899,0.00287265996567715,0.0304298759694155,0.00521727068023684,-0.00161026171079911,-0.0029649975956243,-0.00682753239103595,-0.00818226827586113,0.00448814495060314,c2score_k3p10_seed460_n5000_K3_p10_seed460_kf10_run_summary.csv
3,10,460,10,c2score_k3p10_seed460,two_round,0.575523567884692,0.585287747338966,-0.00976417945427488,0.0102380739033959,0.565148065079601,-0.0201396822593657,0.69598837095547,30,1.83553233873903e-05,0.0278107588735296,5.57949683106911e-05,0.0291580716027373,0.00324971139818913,0.0290153987629366,0.0052037408488327,1.62960292712777e-05,-0.00237415801281948,-0.00518744481956142,-0.00757789886165218,0.00378960595730864,c2score_k3p10_seed460_n5000_K3_p10_seed460_kf10_run_summary.csv
4,10,364,10,c2score_k4p10_seed364,one_round,0.56980951305953,0.592694377222588,-0.0228848641630577,0.010305070353101,0.541082865692272,-0.051611511530316,0.739170981982447,40,1.88460572841889e-05,0.0292652781708094,0.000120351578410274,0.0347758794231645,0.00189731314352623,0.0350899192006062,0.00848923085235974,-0.000513676929079302,0.00536338843331491,-0.00900290778143904,-0.00312584241904483,0.0418313568454899,c2score_k4p10_seed364_n5000_K4_p10_seed364_kf10_run_summary.csv
4,10,364,10,c2score_k4p10_seed364,two_round,0.574046546240924,0.592694377222588,-0.0186478309816631,0.0106248469495586,0.542902176819086,-0.0497922004035017,0.709921196854069,40,1.85941859661926e-05,0.0285682963972959,0.000122754778538934,0.0377781947899659,0.00160824503308103,0.0374585318101023,0.00751036200753634,0.000677558348175333,0.00589591239090802,-0.00683280365936101,-0.00161444961662832,0.0426263193261913,c2score_k4p10_seed364_n5000_K4_p10_seed364_kf10_run_summary.csv
4,10,464,10,c2score_k4p10_seed464,one_round,0.570880788125698,0.592694377222588,-0.0218135890968896,0.0101178972521857,0.608241658760008,0.0155472815374204,0.745180039950285,40,2.18193529217654e-05,0.025389804966009,0.000101365681474517,0.0377189911924102,0.00136548160528941,0.0378307384878923,0.0303022078871191,0.00046073421947926,0.029722119307142,-0.0298414736676398,-0.000580088579977092,0.00641888992076737,c2score_k4p10_seed464_n5000_K4_p10_seed464_kf10_run_summary.csv
4,10,464,10,c2score_k4p10_seed464,two_round,0.570463069466384,0.592694377222588,-0.0222313077562033,0.0101274346115839,0.606248396879905,0.0135540196573174,0.743265386213207,40,1.98516978489818e-05,0.0269981503786307,0.000100578212954867,0.037367308901938,0.00161472668985426,0.0372535627055469,0.029222036237463,-0.000491028590159303,0.0289720628739061,-0.0297130648276223,-0.000249973363556962,0.00584412667079451,c2score_k4p10_seed464_n5000_K4_p10_seed464_kf10_run_summary.csv
4,10,564,10,c2score_k4p10_seed564,one_round,0.584718352469546,0.592694377222588,-0.00797602475304204,0.0105664443949277,0.603182380868005,0.0104880036454172,0.720626443454686,40,1.65706991691009e-05,0.0237285905042162,0.000198937546048286,0.0393167549172012,0.00106800545202182,0.0389385728599337,0.0115842809936374,0.000855860401098621,0.00839863580629432,-0.0107284205925387,-0.00318564518734305,0.0131532252286785,c2score_k4p10_seed564_n5000_K4_p10_seed564_kf10_run_summary.csv
4,10,564,10,c2score_k4p10_seed564,two_round,0.581450167986334,0.592694377222588,-0.0112442092362536,0.0101716324991046,0.60246002405543,0.00976564683284253,0.745737967689231,40,1.85981950246745e-05,0.0231046376077303,0.000197754430698811,0.0398386542368008,0.000996620577304551,0.03946214654017,0.0114968499812658,-4.91397182511117e-05,0.00751573732968222,-0.0115459896995169,-0.00398111265158355,0.0156510798398179,c2score_k4p10_seed564_n5000_K4_p10_seed564_kf10_run_summary.csv
