K,p,seed,mode,estimate_bias,se,covered_95,target_bias,required_delta,observed_delta,model_delta_true_pi,observed_fill_ratio,model_fill_ratio,source_bias_observed,source_bias_model_true_pi,outcome_noise_share,model_gap_share,mean_gamma_linf,mean_alpha_init_linf,mean_alpha_final_gamma_linf,mean_intercept_gap_true_pi,primary_gap
3,10,40,one_round,-0.0244957794315169,0.0106266369166948,False,-0.0439582903822708,0.0167832110727305,0.00130002860567729,0.00670299211930833,0.07746006411071044,0.39938674966671944,-0.0154831824670532,-0.0100802189534222,0.3489569101913003,0.6510430898086997,0.0231306042502697,0.0310434362067695,0.031146457401658,0.000724816489438629,model_residual_underfill
3,10,40,two_round,-0.0229079319315936,0.0107370042040424,False,-0.0428592314649967,0.0162985685122917,9.51706176821455e-05,0.00538986434256625,0.005839201007767755,0.330695566208863,-0.0162033978946096,-0.0109087041697255,0.3267644082631268,0.6732355917368732,0.0258253466283913,0.0331141071987971,0.0333752333443739,0.000347180959317076,model_residual_underfill
3,10,120,one_round,-0.0292590000845364,0.0103466433828962,False,-0.0483419346168092,0.0153893932601868,-0.000111540757672814,0.0115755189082827,-0.0072478983275692885,0.7521751320910877,-0.0155009340178596,-0.00381387435190404,0.7539584164728503,0.24604158352714975,0.0266939812271538,0.0309639512439929,0.0311210713327156,0.0195406920127384,observed_outcome_noise
3,10,120,two_round,-0.0280456303994522,0.0105865605392836,False,-0.048307439288534,0.0154896116910677,-0.000585648123168864,0.0114503652527148,-0.037809090043657206,0.7392286831385071,-0.0160752598142365,-0.00403924643835288,0.7487290106020146,0.25127098939798537,0.0251692126602923,0.0310615275051138,0.0311904759004137,0.0204672311845533,observed_outcome_noise
3,10,220,one_round,-0.0150139697275792,0.0106098023556161,True,-0.0187521545107109,0.023835034154298,0.000170836235571634,0.0160024931319578,0.007167442449031622,0.6713853661112621,-0.0236641979187264,-0.00783254102234016,0.6690130360961034,0.3309869639038966,0.0266599215513406,0.031974199765547,0.0321027984516447,0.0163526568146271,observed_outcome_noise
3,10,220,two_round,-0.0180742965840313,0.0102343941794497,True,-0.0193293319074014,0.0258644534769942,0.00212624265553084,0.0181594411295026,0.08220713642459451,0.7021003225780502,-0.0237382108214633,-0.00770501234749156,0.67541730901956,0.32458269098044,0.0259038365259452,0.0299356411003214,0.0304593898891219,0.0158600200111628,observed_outcome_noise
3,10,340,one_round,-0.017616057199093,0.010206161727435,True,-0.0289825123738403,0.0195007574782297,0.000371907411374423,0.0137912200123496,0.01907143411170637,0.7072145801385343,-0.0191288500668552,-0.00570953746588004,0.7015221800617787,0.29847781993822137,0.0235763620313762,0.0328588430047012,0.0323169962690499,-0.0275365500946646,observed_outcome_noise
3,10,340,two_round,-0.0185066280048211,0.0102648020400369,True,-0.0292673389108723,0.0198010197825979,0.000972065577046665,0.0142955230887063,0.04909169263600068,0.7219589316945132,-0.0188289542055512,-0.00550549669389164,0.7076047541573766,0.29239524584262333,0.0232623446730259,0.032308634752206,0.0323043829391534,-0.0265388302374279,observed_outcome_noise
3,10,460,one_round,-0.0106495323057024,0.0102697942563276,True,-0.0202312552155516,0.00521727068023684,-0.00161026171079911,-0.0029649975956243,-0.30864063022430943,-0.5683043448092102,-0.00682753239103595,-0.00818226827586113,-0.1984224764138577,1.1984224764138578,0.0268150947773242,0.0301315893534899,0.0304298759694155,0.00448814495060314,model_residual_underfill
3,10,460,two_round,-0.00976417945427488,0.0102380739033959,True,-0.0201396822593657,0.0052037408488327,1.62960292712777e-05,-0.00237415801281948,0.0031315989294380822,-0.45624063184315755,-0.00518744481956142,-0.00757789886165218,-0.46081531953391736,1.4608153195339173,0.0278107588735296,0.0291580716027373,0.0290153987629366,0.00378960595730864,model_residual_underfill
4,10,364,one_round,-0.0228848641630577,0.010305070353101,False,-0.051611511530316,0.00848923085235974,-0.000513676929079302,0.00536338843331491,-0.060509242593693384,0.6317873228555277,-0.00900290778143904,-0.00312584241904483,0.6527963525862984,0.3472036474137015,0.0292652781708094,0.0347758794231645,0.0350899192006062,0.0418313568454899,observed_outcome_noise
4,10,364,two_round,-0.0186478309816631,0.0106248469495586,True,-0.0497922004035017,0.00751036200753634,0.000677558348175333,0.00589591239090802,0.09021646992454306,0.7850370441520281,-0.00683280365936101,-0.00161444961662832,0.7637207657186947,0.23627923428130526,0.0285682963972959,0.0377781947899659,0.0374585318101023,0.0426263193261913,observed_outcome_noise
4,10,464,one_round,-0.0218135890968896,0.0101178972521857,False,0.0155472815374204,0.0303022078871191,0.00046073421947926,0.029722119307142,0.015204641892616328,0.9808565573129843,-0.0298414736676398,-0.000580088579977092,0.9805609941909088,0.019439005809091196,0.025389804966009,0.0377189911924102,0.0378307384878923,0.00641888992076737,observed_outcome_noise
4,10,464,two_round,-0.0222313077562033,0.0101274346115839,False,0.0135540196573174,0.029222036237463,-0.000491028590159303,0.0289720628739061,-0.016803366684276382,0.9914457239897461,-0.0297130648276223,-0.000249973363556962,0.9915870892145539,0.008412910785446072,0.0269981503786307,0.037367308901938,0.0372535627055469,0.00584412667079451,observed_outcome_noise
4,10,564,one_round,-0.00797602475304204,0.0105664443949277,True,0.0104880036454172,0.0115842809936374,0.000855860401098621,0.00839863580629432,0.07388118447478073,0.725002769779775,-0.0107284205925387,-0.00318564518734305,0.7030648491206084,0.29693515087939154,0.0237285905042162,0.0393167549172012,0.0389385728599337,0.0131532252286785,observed_outcome_noise
4,10,564,two_round,-0.0112442092362536,0.0101716324991046,True,0.00976564683284253,0.0114968499812658,-4.91397182511117e-05,0.00751573732968222,-0.004274189741640991,0.6537214403883819,-0.0115459896995169,-0.00398111265158355,0.655195201520912,0.34480479847908796,0.0231046376077303,0.0398386542368008,0.03946214654017,0.0156510798398179,observed_outcome_noise
