"setting_tag","n_total","K","p","K_f","seed","source","k1","k2","n_calib","n_calib_arm","gamma_cal_abs_max","w_exp_max","mu_pred_ts"
"catastrophic_n1k_p20",1000,3,20,3,3001,"s1",1,2,71,35,6.84362961807889,676.160514796307,0.936510194134336
"catastrophic_n1k_p20",1000,3,20,3,3001,"s1",1,3,70,35,1.42291680086618,1.68086179780463e+48,0.721558409807186
"catastrophic_n1k_p20",1000,3,20,3,3001,"s3",1,2,72,37,2.59859322893493,5.78002051849488e+26,0.460106024206325
"catastrophic_n1k_p20",1000,3,20,3,3001,"s3",1,3,72,37,2.05745833795181,9.01610900384822e+28,0.543825590616868
"catastrophic_n1k_p20",1000,3,20,3,3001,"s2",1,2,92,51,1.14185300461304,4.5804184034943e+39,0.70369935885031
"catastrophic_n1k_p20",1000,3,20,3,3001,"s2",1,3,92,51,2.56649920631018,1.92133977298825e+27,0.640516715236587
"catastrophic_n1k_p20",1000,3,20,3,3002,"s3",1,2,77,38,7.59041182384013,43.5992740101023,0.717133179475353
"catastrophic_n1k_p20",1000,3,20,3,3002,"s3",1,3,77,38,1.13513995889571,7.59105484894816e+63,0.57685261985645
"catastrophic_n1k_p20",1000,3,20,3,3002,"s2",1,2,92,51,1.25442241048018,3.97883790659571e+33,0.817861405125236
"catastrophic_n1k_p20",1000,3,20,3,3002,"s2",1,3,91,51,0.919744706345715,302505.343727902,0.66479084782578
"catastrophic_n1k_p20",1000,3,20,3,3002,"s1",1,2,67,31,4.20016969862812,3.19690370541998e+59,0.465415623026066
"catastrophic_n1k_p20",1000,3,20,3,3002,"s1",1,3,67,31,6.2549247497198,1.10456712719785e+42,0.602725833856589
"catastrophic_n1k_p20",1000,3,20,3,3003,"s3",1,2,77,44,2.19484343180373,2.28628667886503e+22,0.834395873714552
"catastrophic_n1k_p20",1000,3,20,3,3003,"s3",1,3,77,44,2.62575484823441,4185427133673016320,0.812578702332533
"catastrophic_n1k_p20",1000,3,20,3,3003,"s1",1,2,71,30,7.80059369430488,21955773052.4739,0.387441896319325
"catastrophic_n1k_p20",1000,3,20,3,3003,"s1",1,3,70,30,5.96099398578632,9.43182024811187e+67,0.304176243739003
"catastrophic_n1k_p20",1000,3,20,3,3003,"s2",1,2,85,48,3.00266064140021,3163.54650326109,0.869005948840778
"catastrophic_n1k_p20",1000,3,20,3,3003,"s2",1,3,84,48,0.970057860421892,1.43287341733944e+48,0.573035895445204
"catastrophic_n1k_p20",1000,3,20,5,3001,"s1",1,2,43,21,8.27320311754521,43.2503956249522,0.607544393416128
"catastrophic_n1k_p20",1000,3,20,5,3001,"s1",1,3,42,21,10.6581321432372,1646.29541103887,0.869031697043788
"catastrophic_n1k_p20",1000,3,20,5,3001,"s1",1,4,42,21,5.39518193783704,12516.6569652005,0.783854480871604
"catastrophic_n1k_p20",1000,3,20,5,3001,"s1",1,5,42,21,2.20375913957023,8.55493886423018,0.774304220726723
"catastrophic_n1k_p20",1000,3,20,5,3001,"s3",1,2,43,22,3.60325956286387,5.52840167040915,0.57977071636641
"catastrophic_n1k_p20",1000,3,20,5,3001,"s3",1,3,43,22,7.32934683398445,275.573939161551,0.290564251814615
"catastrophic_n1k_p20",1000,3,20,5,3001,"s3",1,4,43,22,10.1438060385139,46.8193118821358,0.326255387061439
"catastrophic_n1k_p20",1000,3,20,5,3001,"s3",1,5,43,22,5.24740848013469,41.9795685894222,0.771341583599656
"catastrophic_n1k_p20",1000,3,20,5,3001,"s2",1,2,56,31,19.4961995372823,160.293677098784,0.444886704842565
"catastrophic_n1k_p20",1000,3,20,5,3001,"s2",1,3,56,31,10.0214459910017,3693.20335753471,0.915401613460132
"catastrophic_n1k_p20",1000,3,20,5,3001,"s2",1,4,55,31,8.43266040815661,39.2470582698476,0.571870019665056
"catastrophic_n1k_p20",1000,3,20,5,3001,"s2",1,5,54,30,6.20045169101174,18701.0142358177,0.704462177880692
"catastrophic_n1k_p20",1000,3,20,5,3002,"s3",1,2,47,23,8.0101262707151,11631510069059305472,0.342787606120172
"catastrophic_n1k_p20",1000,3,20,5,3002,"s3",1,3,47,23,3.56009788874521,8.36651103814195,0.699858394984015
"catastrophic_n1k_p20",1000,3,20,5,3002,"s3",1,4,46,23,4.13242657282602,6.76296672407098,0.736368418246595
"catastrophic_n1k_p20",1000,3,20,5,3002,"s3",1,5,45,22,6.92940994932797,313.26257403685,0.628924267884594
"catastrophic_n1k_p20",1000,3,20,5,3002,"s2",1,2,56,31,8.29255668940604,1223.55359002266,0.412344746080183
"catastrophic_n1k_p20",1000,3,20,5,3002,"s2",1,3,55,31,5.75831136475645,60.1863934929206,0.669022869118831
"catastrophic_n1k_p20",1000,3,20,5,3002,"s2",1,4,54,30,9.10585517057705,6.75929104999107,0.504674901802835
"catastrophic_n1k_p20",1000,3,20,5,3002,"s2",1,5,54,30,6.43791907601355,31.8145384831315,0.638618995160425
"catastrophic_n1k_p20",1000,3,20,5,3002,"s1",1,2,41,19,10.3332811576127,5533908.43878923,0.00184838355750289
"catastrophic_n1k_p20",1000,3,20,5,3002,"s1",1,3,41,19,6.40437585324855,127.414273815102,0.785149414935893
"catastrophic_n1k_p20",1000,3,20,5,3002,"s1",1,4,41,19,16.1121649497487,6.2173372774712,0.741359107916285
"catastrophic_n1k_p20",1000,3,20,5,3002,"s1",1,5,39,18,6.17230158707887,7.56698990135739,0.950392654902923
"catastrophic_n1k_p20",1000,3,20,5,3003,"s3",1,2,47,27,7.38778053145843,109.474022298436,0.691426417452127
"catastrophic_n1k_p20",1000,3,20,5,3003,"s3",1,3,46,26,3.51807046617108,8.28745722931399,0.818007605492888
"catastrophic_n1k_p20",1000,3,20,5,3003,"s3",1,4,46,26,8.32228439485511,2929.34231146244,0.988909180860815
"catastrophic_n1k_p20",1000,3,20,5,3003,"s3",1,5,46,26,9.98238331132491,94.086653284495,0.606858895252206
"catastrophic_n1k_p20",1000,3,20,5,3003,"s1",1,2,43,18,15.099275553831,4668840845555.14,0.334542098514415
"catastrophic_n1k_p20",1000,3,20,5,3003,"s1",1,3,42,18,10.0656909424169,5.20124849150014e+39,0.500242438531536
"catastrophic_n1k_p20",1000,3,20,5,3003,"s1",1,4,42,18,18.3925620885251,1778291624293648,0.925934363050747
"catastrophic_n1k_p20",1000,3,20,5,3003,"s1",1,5,42,18,4.19912477772065,128.24179592842,0.567137244366997
"catastrophic_n1k_p20",1000,3,20,5,3003,"s2",1,2,51,29,13.7926526834828,11.6249827777348,0.631577354607947
"catastrophic_n1k_p20",1000,3,20,5,3003,"s2",1,3,51,29,4.48555441879457,324.108900532192,0.743744612054634
"catastrophic_n1k_p20",1000,3,20,5,3003,"s2",1,4,51,29,4.92833504722556,5765.3430731076,0.463270777307755
"catastrophic_n1k_p20",1000,3,20,5,3003,"s2",1,5,51,29,10.3768981822198,2789730.91985252,0.980410062756901
"catastrophic_n1k_p20",1000,3,20,7,3001,"s1",1,2,31,15,13.3127458322228,25.8541300925861,0.854314894183599
"catastrophic_n1k_p20",1000,3,20,7,3001,"s1",1,3,30,15,12.3871268070732,74.0528285524305,0.895791342732162
"catastrophic_n1k_p20",1000,3,20,7,3001,"s1",1,4,30,15,13.0693896762365,4.60910168701602,0.804899040674358
"catastrophic_n1k_p20",1000,3,20,7,3001,"s1",1,5,30,15,22.3980633707278,56376334.6825236,0.181473496516876
"catastrophic_n1k_p20",1000,3,20,7,3001,"s1",1,6,30,15,16.8685501585072,205219844035296320,0.491532362286112
"catastrophic_n1k_p20",1000,3,20,7,3001,"s1",1,7,30,15,10.7990660755163,9.63945793108035,0.36816471978027
"catastrophic_n1k_p20",1000,3,20,7,3001,"s3",1,2,31,16,13.439007426549,4148.27642500846,0.894907844953317
"catastrophic_n1k_p20",1000,3,20,7,3001,"s3",1,3,31,16,17.670663617258,3.3487571814763,0.661776480020886
"catastrophic_n1k_p20",1000,3,20,7,3001,"s3",1,4,31,16,13.2948763956766,19.4356547157539,0.625001943851279
"catastrophic_n1k_p20",1000,3,20,7,3001,"s3",1,5,31,16,14.3756164115506,217248732480411,0.997865559434362
"catastrophic_n1k_p20",1000,3,20,7,3001,"s3",1,6,31,16,18.689497762418,1302.70642310145,0.49398544320681
"catastrophic_n1k_p20",1000,3,20,7,3001,"s3",1,7,30,15,10.3293750083678,20.2846361084012,0.591111534753272
"catastrophic_n1k_p20",1000,3,20,7,3001,"s2",1,2,40,22,5.54026797592391,1717.69121193752,0.828046892565032
"catastrophic_n1k_p20",1000,3,20,7,3001,"s2",1,3,40,22,7.90608946436549,77.1706384452536,0.392734597064504
"catastrophic_n1k_p20",1000,3,20,7,3001,"s2",1,4,40,22,15.2022990815119,73.427270709612,0.825230790719855
"catastrophic_n1k_p20",1000,3,20,7,3001,"s2",1,5,39,22,13.8456182102554,204022.74007282,0.685676636891442
"catastrophic_n1k_p20",1000,3,20,7,3001,"s2",1,6,39,22,6.57175795758563,4580.60058903808,0.720471717646449
"catastrophic_n1k_p20",1000,3,20,7,3001,"s2",1,7,39,22,15.8280416153059,137.473211545308,0.871935274937122
"catastrophic_n1k_p20",1000,3,20,7,3002,"s3",1,2,34,17,15.8962238644127,79.1427634817558,0.498313561086989
"catastrophic_n1k_p20",1000,3,20,7,3002,"s3",1,3,33,16,14.3022856755638,509.438274785081,0.886751717297931
"catastrophic_n1k_p20",1000,3,20,7,3002,"s3",1,4,33,16,14.9989510759503,1525.73193902933,0.333909500708938
"catastrophic_n1k_p20",1000,3,20,7,3002,"s3",1,5,33,16,11.84534317093,9.16491685453197,0.689803650227108
"catastrophic_n1k_p20",1000,3,20,7,3002,"s3",1,6,33,16,9.3220081528056,5.12175087781625,0.620231579377602
"catastrophic_n1k_p20",1000,3,20,7,3002,"s3",1,7,32,16,9.82766819799381,3.81312599607593,0.812395770084947
"catastrophic_n1k_p20",1000,3,20,7,3002,"s2",1,2,40,22,7.53773666418826,24.8563339087884,0.374318444035225
"catastrophic_n1k_p20",1000,3,20,7,3002,"s2",1,3,40,22,11.372564824799,8.42824901671184,0.30624470237138
"catastrophic_n1k_p20",1000,3,20,7,3002,"s2",1,4,39,22,11.9795857950252,3729.43272470858,0.376157291041302
"catastrophic_n1k_p20",1000,3,20,7,3002,"s2",1,5,39,22,8.8631750649175,15.6557858254946,0.976134518396086
"catastrophic_n1k_p20",1000,3,20,7,3002,"s2",1,6,39,22,8.88667246750274,16.9590146343274,0.821375355346669
"catastrophic_n1k_p20",1000,3,20,7,3002,"s2",1,7,38,21,6.1568019600469,15.6205022490743,0.428974181102277
"catastrophic_n1k_p20",1000,3,20,7,3002,"s1",1,2,30,14,19.700606761686,15.4379588145609,0.599879143181229
"catastrophic_n1k_p20",1000,3,20,7,3002,"s1",1,3,30,14,20.5502454967871,15.4747307478838,0.493890351703524
"catastrophic_n1k_p20",1000,3,20,7,3002,"s1",1,4,29,13,15.9651113356402,43.0697365059776,0.478748528376624
"catastrophic_n1k_p20",1000,3,20,7,3002,"s1",1,5,28,13,24.5747529606784,4.37553750878357,0.860036263705883
"catastrophic_n1k_p20",1000,3,20,7,3002,"s1",1,6,28,13,24.1644289668742,28.4876668596355,0.49718435868066
"catastrophic_n1k_p20",1000,3,20,7,3002,"s1",1,7,28,13,7.55293753975388,198.042365453244,0.188695549469453
"catastrophic_n1k_p20",1000,3,20,7,3003,"s3",1,2,34,19,15.2475275447966,9.33683488213735,0.559995012800558
"catastrophic_n1k_p20",1000,3,20,7,3003,"s3",1,3,33,19,8.79103779099827,172.699010264709,0.534686040852967
"catastrophic_n1k_p20",1000,3,20,7,3003,"s3",1,4,33,19,9.76432752534749,15.3358028369184,0.463789162063283
"catastrophic_n1k_p20",1000,3,20,7,3003,"s3",1,5,33,19,13.6812065451876,24.376672285777,0.644853946638103
"catastrophic_n1k_p20",1000,3,20,7,3003,"s3",1,6,33,19,7.77701290865904,376.58165109627,0.458705143162242
"catastrophic_n1k_p20",1000,3,20,7,3003,"s3",1,7,32,18,13.5987907597708,2.99258030661478,0.576546178247253
"catastrophic_n1k_p20",1000,3,20,7,3003,"s1",1,2,31,13,12.4038043013965,7367298720.37853,0.575790541801587
"catastrophic_n1k_p20",1000,3,20,7,3003,"s1",1,3,31,13,14.7251100809669,1.77576531707989e+36,4.2042609797411e-09
"catastrophic_n1k_p20",1000,3,20,7,3003,"s1",1,4,30,13,20.5743584229008,13.1379173971648,0.960518873799155
"catastrophic_n1k_p20",1000,3,20,7,3003,"s1",1,5,30,13,17.5135698284076,121.2374697476,0.492469171729687
"catastrophic_n1k_p20",1000,3,20,7,3003,"s1",1,6,30,13,15.5560444965867,40.7504374062666,0.631320312170561
"catastrophic_n1k_p20",1000,3,20,7,3003,"s1",1,7,29,12,14.6200729275953,3054.20280840204,0.0724222690475202
"catastrophic_n1k_p20",1000,3,20,7,3003,"s2",1,2,37,21,11.0748735109845,13.5187426210031,0.768521437614692
"catastrophic_n1k_p20",1000,3,20,7,3003,"s2",1,3,37,21,9.48860022142762,67939061705.7408,0.494081209796307
"catastrophic_n1k_p20",1000,3,20,7,3003,"s2",1,4,37,21,14.2362302022637,264.042819587505,0.39892574187267
"catastrophic_n1k_p20",1000,3,20,7,3003,"s2",1,5,37,21,8.79330358850951,490.664887054618,0.854968298168481
"catastrophic_n1k_p20",1000,3,20,7,3003,"s2",1,6,35,20,19.0151172531325,802368.444680974,0.631365828473955
"catastrophic_n1k_p20",1000,3,20,7,3003,"s2",1,7,35,20,8.87784140791835,2184.40880904703,0.733169075466981
"catastrophic_n1k_p20",1000,3,20,10,3001,"s1",1,2,22,11,24.8388238546599,756555345.060382,0.623875567356765
"catastrophic_n1k_p20",1000,3,20,10,3001,"s1",1,3,22,11,15.1247164126665,225.844786624931,0.665212612932375
"catastrophic_n1k_p20",1000,3,20,10,3001,"s1",1,4,22,11,19.8004452249089,141.367055733997,0.604698763458051
"catastrophic_n1k_p20",1000,3,20,10,3001,"s1",1,5,22,11,17.8638578730713,3.94288598869092,0.641714059544089
"catastrophic_n1k_p20",1000,3,20,10,3001,"s1",1,6,21,10,15.2180314257114,13.1233390649098,0.812035039753331
"catastrophic_n1k_p20",1000,3,20,10,3001,"s1",1,7,21,10,13.3770900758664,25.4533953601398,0.308506941144852
"catastrophic_n1k_p20",1000,3,20,10,3001,"s1",1,8,20,10,18.5286392166369,23.1284303686643,0.878069016782743
"catastrophic_n1k_p20",1000,3,20,10,3001,"s1",1,9,20,10,18.282360825286,333.509522055011,0.843292678922075
"catastrophic_n1k_p20",1000,3,20,10,3001,"s1",1,10,20,10,20.740855039025,10.9386069082885,0.736555624758303
"catastrophic_n1k_p20",1000,3,20,10,3001,"s3",1,2,22,11,26.4590934305085,417.129385659495,0.168484647033176
"catastrophic_n1k_p20",1000,3,20,10,3001,"s3",1,3,22,11,18.0259967793851,12.7722880575584,0.242606655323867
"catastrophic_n1k_p20",1000,3,20,10,3001,"s3",1,4,22,11,21.0294841832614,95.7528446622534,0.395331379124084
"catastrophic_n1k_p20",1000,3,20,10,3001,"s3",1,5,22,11,20.9663347062726,6.66096785942116,0.193705259360329
"catastrophic_n1k_p20",1000,3,20,10,3001,"s3",1,6,21,11,22.4959281216638,31.9133448946544,0.33377666206
"catastrophic_n1k_p20",1000,3,20,10,3001,"s3",1,7,21,11,17.6039083514463,12.6313831321192,0.278855419399158
"catastrophic_n1k_p20",1000,3,20,10,3001,"s3",1,8,21,11,21.8359786106171,61.4387258005615,0.801618506555281
"catastrophic_n1k_p20",1000,3,20,10,3001,"s3",1,9,21,11,17.8634539446284,989.275036780457,0.41958563937759
"catastrophic_n1k_p20",1000,3,20,10,3001,"s3",1,10,21,11,21.5885415253828,3.31134506334376,0.783002653234896
"catastrophic_n1k_p20",1000,3,20,10,3001,"s2",1,2,29,16,26.747156417649,824463196.875207,0.114838891753181
"catastrophic_n1k_p20",1000,3,20,10,3001,"s2",1,3,29,16,19.9737443587829,6002.03731037172,0.410517007297421
"catastrophic_n1k_p20",1000,3,20,10,3001,"s2",1,4,28,16,21.3929261617242,35.5877246371621,0.688070213502384
"catastrophic_n1k_p20",1000,3,20,10,3001,"s2",1,5,27,15,23.9803689359898,122.146599243181,0.657813143016777
"catastrophic_n1k_p20",1000,3,20,10,3001,"s2",1,6,27,15,14.2763130954931,131.3449094237,0.108058845724544
"catastrophic_n1k_p20",1000,3,20,10,3001,"s2",1,7,27,15,18.0752623738642,12.8192523475138,0.292346329426869
"catastrophic_n1k_p20",1000,3,20,10,3001,"s2",1,8,27,15,14.7374296826029,883.225899124599,0.50818779196614
"catastrophic_n1k_p20",1000,3,20,10,3001,"s2",1,9,27,15,21.0864521451315,10073.2064643173,0.150825386065552
"catastrophic_n1k_p20",1000,3,20,10,3001,"s2",1,10,27,15,10.6329124070729,686.779763593955,0.896566037247332
"catastrophic_n1k_p20",1000,3,20,10,3002,"s3",1,2,24,12,11.7827110733005,88.6737392876845,0.653285359027509
"catastrophic_n1k_p20",1000,3,20,10,3002,"s3",1,3,24,12,19.6076214773501,6.57133994847864,0.643945390885184
"catastrophic_n1k_p20",1000,3,20,10,3002,"s3",1,4,24,12,14.1390677390141,57.7871067773596,0.966051392713292
"catastrophic_n1k_p20",1000,3,20,10,3002,"s3",1,5,23,11,14.3226524812546,90.3009133206458,0.811359012166859
"catastrophic_n1k_p20",1000,3,20,10,3002,"s3",1,6,23,11,13.0843406191456,12.2072133910087,0.829972233611155
"catastrophic_n1k_p20",1000,3,20,10,3002,"s3",1,7,23,11,16.7647799675598,36210779784873328,0.742245426728631
"catastrophic_n1k_p20",1000,3,20,10,3002,"s3",1,8,23,11,20.2253235532061,97.4317413707144,0.319457313814392
"catastrophic_n1k_p20",1000,3,20,10,3002,"s3",1,9,22,11,11.8803786504005,2.82385330519384,0.71937583881243
"catastrophic_n1k_p20",1000,3,20,10,3002,"s3",1,10,22,11,18.2811162288877,2794.25817200862,0.999958095839546
"catastrophic_n1k_p20",1000,3,20,10,3002,"s2",1,2,29,16,15.5580680097107,33.2699774267455,0.573654522037093
"catastrophic_n1k_p20",1000,3,20,10,3002,"s2",1,3,28,16,23.2463694088936,1421.77367749162,0.871760665258469
"catastrophic_n1k_p20",1000,3,20,10,3002,"s2",1,4,27,15,20.3400846982083,46.5541838696633,0.654346988045525
"catastrophic_n1k_p20",1000,3,20,10,3002,"s2",1,5,27,15,19.4849142473973,24586.5065814354,0.704049729245115
"catastrophic_n1k_p20",1000,3,20,10,3002,"s2",1,6,27,15,12.4943535277046,9.35786850669015,0.778715497820774
"catastrophic_n1k_p20",1000,3,20,10,3002,"s2",1,7,27,15,13.0464368321953,187.7103673538,0.203701289939511
"catastrophic_n1k_p20",1000,3,20,10,3002,"s2",1,8,27,15,16.31421173431,531.762698973087,0.94550714993183
"catastrophic_n1k_p20",1000,3,20,10,3002,"s2",1,9,27,15,17.3388510611428,3.61460188235345,0.486524617293583
"catastrophic_n1k_p20",1000,3,20,10,3002,"s2",1,10,27,15,10.8213433089897,30.6204245786242,0.488198143451589
"catastrophic_n1k_p20",1000,3,20,10,3002,"s1",1,2,21,10,24.2168611313702,66268.9215190505,0.0742572411857161
"catastrophic_n1k_p20",1000,3,20,10,3002,"s1",1,3,21,10,11.8602414900367,3133.59039341859,0.669284864249717
"catastrophic_n1k_p20",1000,3,20,10,3002,"s1",1,4,21,10,22.399452589605,24.8485257647711,0.935434653833701
"catastrophic_n1k_p20",1000,3,20,10,3002,"s1",1,5,20,9,20.9053743926063,54.0606117337871,0.906267085737168
"catastrophic_n1k_p20",1000,3,20,10,3002,"s1",1,6,20,9,9.85751814416099,15.7632602244901,0.934725445458638
"catastrophic_n1k_p20",1000,3,20,10,3002,"s1",1,7,20,9,20.6381831821539,248931.832399736,0.00574835394813392
"catastrophic_n1k_p20",1000,3,20,10,3002,"s1",1,8,20,9,17.7130838365332,16270855.9691541,0.890709865403431
"catastrophic_n1k_p20",1000,3,20,10,3002,"s1",1,9,20,9,31.406262583832,79.7444367407827,0.377149596996462
"catastrophic_n1k_p20",1000,3,20,10,3002,"s1",1,10,19,9,16.4009600402607,87.8493172800643,0.977069004174306
"catastrophic_n1k_p20",1000,3,20,10,3003,"s3",1,2,24,14,17.6372891830904,51.853241705084,0.587899065779544
"catastrophic_n1k_p20",1000,3,20,10,3003,"s3",1,3,23,13,11.8336981088534,6.59859164281215,0.605766055456705
"catastrophic_n1k_p20",1000,3,20,10,3003,"s3",1,4,23,13,27.0448856076638,26.5397868115442,0.397468906590507
"catastrophic_n1k_p20",1000,3,20,10,3003,"s3",1,5,23,13,19.4738079486361,148.05925319854,0.740014916013873
"catastrophic_n1k_p20",1000,3,20,10,3003,"s3",1,6,23,13,22.2035912089439,7.6176315675563,0.419471954525159
"catastrophic_n1k_p20",1000,3,20,10,3003,"s3",1,7,23,13,17.6082657502334,188.299839481584,0.741265634563104
"catastrophic_n1k_p20",1000,3,20,10,3003,"s3",1,8,23,13,11.7388726907872,29.4809164962332,0.998204494304237
"catastrophic_n1k_p20",1000,3,20,10,3003,"s3",1,9,23,13,16.4119744849815,133.226004808815,0.710154813386061
"catastrophic_n1k_p20",1000,3,20,10,3003,"s3",1,10,23,13,19.2061236407874,443.143701151487,0.966900109908762
"catastrophic_n1k_p20",1000,3,20,10,3003,"s1",1,2,22,9,18.557550013892,311068.956811765,0.128695199503318
"catastrophic_n1k_p20",1000,3,20,10,3003,"s1",1,3,21,9,24.0183364195445,3.91545518624176e+26,0.250000407717843
"catastrophic_n1k_p20",1000,3,20,10,3003,"s1",1,4,21,9,29.2855570772553,1.05611165714967e+39,0.94544860460099
"catastrophic_n1k_p20",1000,3,20,10,3003,"s1",1,5,21,9,15.7421424848763,926.979314656262,0.466809386340791
"catastrophic_n1k_p20",1000,3,20,10,3003,"s1",1,6,21,9,17.9492192959577,14092233297524504,5.1420832974055e-06
"catastrophic_n1k_p20",1000,3,20,10,3003,"s1",1,7,21,9,25.835439102695,18560327836322476,0.199755398383888
"catastrophic_n1k_p20",1000,3,20,10,3003,"s1",1,8,21,9,17.0029723556799,17306.8994794737,0.789592474890669
"catastrophic_n1k_p20",1000,3,20,10,3003,"s1",1,9,21,9,28.5303287957536,13.0421503329226,0.540561163483767
"catastrophic_n1k_p20",1000,3,20,10,3003,"s1",1,10,21,9,14.7700485011922,1933.83724999657,0.99997914462669
"catastrophic_n1k_p20",1000,3,20,10,3003,"s2",1,2,26,15,18.7616323355713,108.809056705147,0.483852594449154
"catastrophic_n1k_p20",1000,3,20,10,3003,"s2",1,3,26,15,15.6429604406135,21427.957124776,0.786956634240797
"catastrophic_n1k_p20",1000,3,20,10,3003,"s2",1,4,26,15,9.06551607007941,23.9456365734952,0.261771885051175
"catastrophic_n1k_p20",1000,3,20,10,3003,"s2",1,5,26,15,20.7481318722748,7187.49490100472,0.906682438316943
"catastrophic_n1k_p20",1000,3,20,10,3003,"s2",1,6,25,14,17.8070567972632,27425.914632395,0.992857553275924
"catastrophic_n1k_p20",1000,3,20,10,3003,"s2",1,7,25,14,15.0205717764887,35.2072417780127,0.651255944456932
"catastrophic_n1k_p20",1000,3,20,10,3003,"s2",1,8,25,14,8.91637668053386,10.1450554509346,0.585842842985566
"catastrophic_n1k_p20",1000,3,20,10,3003,"s2",1,9,25,14,15.9009586361184,42.2380990518555,0.780194644138145
"catastrophic_n1k_p20",1000,3,20,10,3003,"s2",1,10,25,14,13.672524426329,857712327707.401,0.977590449242564
"production_n5k_p10",5000,3,10,3,3001,"s1",1,2,368,174,0.769276371445645,0.735322246494127,0.554137424429425
"production_n5k_p10",5000,3,10,3,3001,"s1",1,3,368,174,0.801745540034061,0.88223670216234,0.606010376263092
"production_n5k_p10",5000,3,10,3,3001,"s3",1,2,374,175,0.776126044094813,0.647344621801762,0.527224629150564
"production_n5k_p10",5000,3,10,3,3001,"s3",1,3,373,174,0.768267019471586,2.74821223262845,0.581862405473695
"production_n5k_p10",5000,3,10,3,3001,"s2",1,2,450,255,0.748115472242378,109.883482861796,0.589163611875855
"production_n5k_p10",5000,3,10,3,3001,"s2",1,3,450,255,0.798773812153526,20.0736540391301,0.602266613408931
"production_n5k_p10",5000,3,10,3,3002,"s1",1,2,393,181,0.791772193980763,1.21950624348623,0.529201051538332
"production_n5k_p10",5000,3,10,3,3002,"s1",1,3,393,181,0.799898285074594,1.13058005602905,0.673366712527217
"production_n5k_p10",5000,3,10,3,3002,"s3",1,2,360,171,0.776661693578449,1.11428362646132,0.588810528969971
"production_n5k_p10",5000,3,10,3,3002,"s3",1,3,360,171,0.801062280885178,0.844624621381697,0.619177878378906
"production_n5k_p10",5000,3,10,3,3002,"s2",1,2,428,243,0.806237941732124,38.3578453169775,0.526559555600957
"production_n5k_p10",5000,3,10,3,3002,"s2",1,3,428,243,0.75889450216389,46.2291887242923,0.607208124709123
"production_n5k_p10",5000,3,10,3,3003,"s2",1,2,438,251,0.758594380215638,66.5972514741731,0.565452729040121
"production_n5k_p10",5000,3,10,3,3003,"s2",1,3,438,251,0.842646042739715,92.4331392557621,0.620315275242368
"production_n5k_p10",5000,3,10,3,3003,"s3",1,2,366,175,0.760448024809033,1.34418891829299,0.60384261598098
"production_n5k_p10",5000,3,10,3,3003,"s3",1,3,366,175,0.740885288167964,1.00188957897856,0.610394902777314
"production_n5k_p10",5000,3,10,3,3003,"s1",1,2,368,176,0.771709294800911,1.20435759104579,0.648426171686443
"production_n5k_p10",5000,3,10,3,3003,"s1",1,3,367,175,0.815079950137075,0.877950324409888,0.538744245204428
"production_n5k_p10",5000,3,10,5,3001,"s1",1,2,222,105,0.831563902171582,0.987778478442165,0.614186688976577
"production_n5k_p10",5000,3,10,5,3001,"s1",1,3,221,105,0.741045296139942,0.81362244671888,0.546056232574759
"production_n5k_p10",5000,3,10,5,3001,"s1",1,4,220,104,0.81257026529467,0.910178746504671,0.526336547679341
"production_n5k_p10",5000,3,10,5,3001,"s1",1,5,220,104,0.778892908305944,0.789299819137613,0.611297490277901
"production_n5k_p10",5000,3,10,5,3001,"s3",1,2,225,105,0.761671394610827,0.951511136625158,0.642128092493635
"production_n5k_p10",5000,3,10,5,3001,"s3",1,3,225,105,0.768186654317719,1.38713080868248,0.541876793047121
"production_n5k_p10",5000,3,10,5,3001,"s3",1,4,224,105,0.859318514687136,1.1366366016094,0.561801010211742
"production_n5k_p10",5000,3,10,5,3001,"s3",1,5,223,104,0.81232198999554,0.69273616608083,0.49490623896712
"production_n5k_p10",5000,3,10,5,3001,"s2",1,2,270,153,0.801105501889513,61.1192394021674,0.56882328312071
"production_n5k_p10",5000,3,10,5,3001,"s2",1,3,270,153,0.70723929067766,37.211358126911,0.601108939010681
"production_n5k_p10",5000,3,10,5,3001,"s2",1,4,270,153,0.77436754714671,20.1431534607592,0.536150107266284
"production_n5k_p10",5000,3,10,5,3001,"s2",1,5,270,153,0.764372080042537,39.0948580173729,0.605074854525779
"production_n5k_p10",5000,3,10,5,3002,"s1",1,2,237,109,0.777935866254344,0.810452008927399,0.567679917111075
"production_n5k_p10",5000,3,10,5,3002,"s1",1,3,236,109,0.767398598038025,0.832733934370225,0.576603059622921
"production_n5k_p10",5000,3,10,5,3002,"s1",1,4,236,109,0.788073622004326,1.16745767114794,0.608896467974424
"production_n5k_p10",5000,3,10,5,3002,"s1",1,5,235,108,0.833816083201803,0.662293804223849,0.553332626873115
"production_n5k_p10",5000,3,10,5,3002,"s3",1,2,217,103,0.784934202072925,0.673961972254714,0.627993532424803
"production_n5k_p10",5000,3,10,5,3002,"s3",1,3,217,103,0.790558608766228,0.638915573760439,0.656286772461626
"production_n5k_p10",5000,3,10,5,3002,"s3",1,4,216,103,0.78319279801618,0.967673492840737,0.665521494253409
"production_n5k_p10",5000,3,10,5,3002,"s3",1,5,215,102,0.763792274995335,0.604316061059916,0.60152926029817
"production_n5k_p10",5000,3,10,5,3002,"s2",1,2,257,146,0.754162501663162,26.809307179027,0.611678232504219
"production_n5k_p10",5000,3,10,5,3002,"s2",1,3,257,146,0.903877510203708,14.5604627588631,0.608239538416782
"production_n5k_p10",5000,3,10,5,3002,"s2",1,4,257,146,0.74677970967302,18.7856589452832,0.539484202946403
"production_n5k_p10",5000,3,10,5,3002,"s2",1,5,256,145,0.844704087289033,42.0983732813899,0.60062013309632
"production_n5k_p10",5000,3,10,5,3003,"s2",1,2,263,151,0.879406998013486,18.3913399624344,0.5881674199112
"production_n5k_p10",5000,3,10,5,3003,"s2",1,3,263,151,0.773376999476293,15.2412011814021,0.562807177905475
"production_n5k_p10",5000,3,10,5,3003,"s2",1,4,262,150,0.812906230800936,53.5162495117834,0.642866483994984
"production_n5k_p10",5000,3,10,5,3003,"s2",1,5,262,150,0.768262629427716,27.3403300313984,0.579564253659197
"production_n5k_p10",5000,3,10,5,3003,"s3",1,2,220,105,0.810748034127992,0.85966651158744,0.648182147281052
"production_n5k_p10",5000,3,10,5,3003,"s3",1,3,220,105,0.735369882844101,0.711326986216253,0.520598484621658
"production_n5k_p10",5000,3,10,5,3003,"s3",1,4,220,105,0.75893088640654,0.9935990397642,0.569101812570625
"production_n5k_p10",5000,3,10,5,3003,"s3",1,5,219,105,0.866217940841981,0.887010400222424,0.553522673954397
"production_n5k_p10",5000,3,10,5,3003,"s1",1,2,221,106,0.775998224107963,1.13525019254493,0.692290499855006
"production_n5k_p10",5000,3,10,5,3003,"s1",1,3,220,105,0.721815052339971,1.01689000291013,0.563385722849731
"production_n5k_p10",5000,3,10,5,3003,"s1",1,4,220,105,0.778253333118204,0.884692709928082,0.510015787879701
"production_n5k_p10",5000,3,10,5,3003,"s1",1,5,220,105,0.789397771268689,1.46955654907617,0.566832225057056
"production_n5k_p10",5000,3,10,7,3001,"s1",1,2,158,75,0.734474332893798,1.02518989340123,0.543996798347112
"production_n5k_p10",5000,3,10,7,3001,"s1",1,3,158,75,0.776621936178393,0.635309715016251,0.515758524203965
"production_n5k_p10",5000,3,10,7,3001,"s1",1,4,158,75,0.778172107689157,0.750061831671739,0.618691223388713
"production_n5k_p10",5000,3,10,7,3001,"s1",1,5,158,75,0.829311440070239,2.23472932745477,0.592221553457111
"production_n5k_p10",5000,3,10,7,3001,"s1",1,6,157,74,0.821941518727506,1.11731945068792,0.635340968558113
"production_n5k_p10",5000,3,10,7,3001,"s1",1,7,157,74,0.749849749983546,0.710503570494451,0.492662352613708
"production_n5k_p10",5000,3,10,7,3001,"s3",1,2,161,75,0.778227712720057,1.31635834576132,0.523780961441875
"production_n5k_p10",5000,3,10,7,3001,"s3",1,3,161,75,0.836813388392194,1.4681916696262,0.513692333338212
"production_n5k_p10",5000,3,10,7,3001,"s3",1,4,160,75,0.776516695399208,0.962844352312951,0.605108287760982
"production_n5k_p10",5000,3,10,7,3001,"s3",1,5,160,75,0.761486282723172,1.22553782082864,0.621313047902893
"production_n5k_p10",5000,3,10,7,3001,"s3",1,6,160,75,0.821941880464642,0.69757617773509,0.541982399824519
"production_n5k_p10",5000,3,10,7,3001,"s3",1,7,159,74,0.800425407656673,1.41957842129343,0.609879074982959
"production_n5k_p10",5000,3,10,7,3001,"s2",1,2,194,110,0.78074031469396,69.4532623251182,0.573116942516076
"production_n5k_p10",5000,3,10,7,3001,"s2",1,3,194,110,0.734992706643833,41.3084554942496,0.480193305100206
"production_n5k_p10",5000,3,10,7,3001,"s2",1,4,193,109,0.849075690985636,10.4571148737692,0.678625223014377
"production_n5k_p10",5000,3,10,7,3001,"s2",1,5,192,109,0.779976884800344,75.4988164971764,0.536193193092032
"production_n5k_p10",5000,3,10,7,3001,"s2",1,6,192,109,1.20545757745345,59.9329001587181,0.652259419437029
"production_n5k_p10",5000,3,10,7,3001,"s2",1,7,192,109,0.734325939319408,24.0013247621569,0.655792567783023
"production_n5k_p10",5000,3,10,7,3002,"s1",1,2,169,78,0.809432943850587,0.99144222086467,0.517125522245218
"production_n5k_p10",5000,3,10,7,3002,"s1",1,3,169,78,0.856588305375929,0.776560598866736,0.556501749690448
"production_n5k_p10",5000,3,10,7,3002,"s1",1,4,169,78,0.824267600137433,0.789189606076652,0.668910807800204
"production_n5k_p10",5000,3,10,7,3002,"s1",1,5,169,78,0.82598165771128,0.68217571415397,0.512123613381577
"production_n5k_p10",5000,3,10,7,3002,"s1",1,6,168,77,0.80932157339233,1.36034690628151,0.498965762707799
"production_n5k_p10",5000,3,10,7,3002,"s1",1,7,168,77,0.760671236747922,0.785192019354689,0.599034421089358
"production_n5k_p10",5000,3,10,7,3002,"s3",1,2,155,74,0.816428174234994,1.71098999651632,0.72529444181752
"production_n5k_p10",5000,3,10,7,3002,"s3",1,3,155,74,0.787831959387733,0.947008828829382,0.635913157081298
"production_n5k_p10",5000,3,10,7,3002,"s3",1,4,154,73,0.801600648454877,0.810062858730044,0.637677235878431
"production_n5k_p10",5000,3,10,7,3002,"s3",1,5,154,73,0.797155575761464,0.931609402472308,0.537885525870543
"production_n5k_p10",5000,3,10,7,3002,"s3",1,6,154,73,0.814006852141493,1.22190850153294,0.65512786217025
"production_n5k_p10",5000,3,10,7,3002,"s3",1,7,154,73,0.877186995869774,0.807198164787743,0.572451458949261
"production_n5k_p10",5000,3,10,7,3002,"s2",1,2,184,104,0.945690529755412,14.6990586327967,0.57352892769159
"production_n5k_p10",5000,3,10,7,3002,"s2",1,3,184,104,0.837636658311102,58.6785042150356,0.602279723574915
"production_n5k_p10",5000,3,10,7,3002,"s2",1,4,183,104,0.790816848797714,17.6289770056149,0.660239160048942
"production_n5k_p10",5000,3,10,7,3002,"s2",1,5,183,104,0.936036211755022,16.1872303186323,0.512851701818529
"production_n5k_p10",5000,3,10,7,3002,"s2",1,6,183,104,1.0847401096534,29.8291962291251,0.636435209370199
"production_n5k_p10",5000,3,10,7,3002,"s2",1,7,183,104,0.762777642912618,73.5116974737585,0.53771064640278
"production_n5k_p10",5000,3,10,7,3003,"s2",1,2,188,108,0.804627854507274,37.645908018292,0.630510760691347
"production_n5k_p10",5000,3,10,7,3003,"s2",1,3,188,108,0.76152053737089,35.7131057934193,0.61588564092425
"production_n5k_p10",5000,3,10,7,3003,"s2",1,4,188,108,0.797796268349924,8.51316525771163,0.561090931842876
"production_n5k_p10",5000,3,10,7,3003,"s2",1,5,187,107,0.777312473243851,14.5922754738166,0.586227193185718
"production_n5k_p10",5000,3,10,7,3003,"s2",1,6,187,107,0.817106383429984,21.4997769025073,0.605300385864006
"production_n5k_p10",5000,3,10,7,3003,"s2",1,7,187,107,0.777267199516301,384.412035902913,0.629509843052522
"production_n5k_p10",5000,3,10,7,3003,"s3",1,2,157,75,0.791694624841789,0.786743161418303,0.657716403460151
"production_n5k_p10",5000,3,10,7,3003,"s3",1,3,157,75,0.970687009707634,2.27157166721849,0.462015321475887
"production_n5k_p10",5000,3,10,7,3003,"s3",1,4,157,75,0.758107271306826,0.870219926206602,0.584024791424042
"production_n5k_p10",5000,3,10,7,3003,"s3",1,5,157,75,0.754829297109906,1.01260509158877,0.579550601183116
"production_n5k_p10",5000,3,10,7,3003,"s3",1,6,157,75,0.791820412188847,1.09266351591829,0.640815963401891
"production_n5k_p10",5000,3,10,7,3003,"s3",1,7,157,75,0.788465834958761,0.611122006326373,0.586096409690522
"production_n5k_p10",5000,3,10,7,3003,"s1",1,2,159,76,0.872357904269764,0.930638670610201,0.621467945994062
"production_n5k_p10",5000,3,10,7,3003,"s1",1,3,157,75,0.749479471113715,1.53473065959429,0.638561821352423
"production_n5k_p10",5000,3,10,7,3003,"s1",1,4,157,75,0.80106198040805,1.28788740457113,0.558450735865615
"production_n5k_p10",5000,3,10,7,3003,"s1",1,5,157,75,0.879810719437067,1.15693256623532,0.686448888874695
"production_n5k_p10",5000,3,10,7,3003,"s1",1,6,157,75,0.889477544688427,1.29701982215942,0.511006619672419
"production_n5k_p10",5000,3,10,7,3003,"s1",1,7,157,75,0.760512702927172,1.12158279043297,0.534668271964767
"production_n5k_p10",5000,3,10,10,3001,"s1",1,2,112,53,1.00938263350158,1.00882725488472,0.653096401046642
"production_n5k_p10",5000,3,10,10,3001,"s1",1,3,111,53,0.786258253707009,1.90994983577457,0.612215779708515
"production_n5k_p10",5000,3,10,10,3001,"s1",1,4,110,52,0.899931905054359,0.850600110451517,0.595704617347041
"production_n5k_p10",5000,3,10,10,3001,"s1",1,5,110,52,0.793332382257805,0.796749653867929,0.586302875956943
"production_n5k_p10",5000,3,10,10,3001,"s1",1,6,110,52,0.78665267116574,0.907462523447397,0.585449951954897
"production_n5k_p10",5000,3,10,10,3001,"s1",1,7,110,52,0.837708615903214,0.89559765096352,0.541714403358126
"production_n5k_p10",5000,3,10,10,3001,"s1",1,8,110,52,0.749139405460978,0.673957415042994,0.473909720026039
"production_n5k_p10",5000,3,10,10,3001,"s1",1,9,110,52,0.812578746326942,0.934658813151155,0.496289234203997
"production_n5k_p10",5000,3,10,10,3001,"s1",1,10,110,52,1.31354312808534,1.08359933180009,0.64636957469708
"production_n5k_p10",5000,3,10,10,3001,"s3",1,2,113,53,0.800802758939663,1.56352211373041,0.721840673039683
"production_n5k_p10",5000,3,10,10,3001,"s3",1,3,113,53,0.75711052129245,1.1953228399823,0.55363364535354
"production_n5k_p10",5000,3,10,10,3001,"s3",1,4,113,53,1.00493770377139,1.44425402641831,0.624296625027855
"production_n5k_p10",5000,3,10,10,3001,"s3",1,5,112,52,0.792173006522945,0.644674190964954,0.473896915232061
"production_n5k_p10",5000,3,10,10,3001,"s3",1,6,112,52,0.862822297195518,1.62646196187815,0.475872829388748
"production_n5k_p10",5000,3,10,10,3001,"s3",1,7,112,52,0.880861314628387,0.798642890562402,0.562912739588108
"production_n5k_p10",5000,3,10,10,3001,"s3",1,8,112,52,0.819276386149237,0.802768661556845,0.562492631505187
"production_n5k_p10",5000,3,10,10,3001,"s3",1,9,111,52,0.864173067023753,0.931030290703042,0.490879924244133
"production_n5k_p10",5000,3,10,10,3001,"s3",1,10,111,52,0.900732324936133,0.797125013792976,0.516411672542047
"production_n5k_p10",5000,3,10,10,3001,"s2",1,2,136,77,0.867265066819725,57.1176787506171,0.59807050493549
"production_n5k_p10",5000,3,10,10,3001,"s2",1,3,136,77,0.755405478925073,137.558752333181,0.679981424879945
"production_n5k_p10",5000,3,10,10,3001,"s2",1,4,136,77,0.776747713913445,7.18060436261772,0.508516502133653
"production_n5k_p10",5000,3,10,10,3001,"s2",1,5,136,77,1.55157399698016,37.4357601516188,0.569931241978831
"production_n5k_p10",5000,3,10,10,3001,"s2",1,6,135,77,0.824740228438287,33.9894839122159,0.738313469104417
"production_n5k_p10",5000,3,10,10,3001,"s2",1,7,134,76,0.807023955672779,88.9076691483137,0.568696374690554
"production_n5k_p10",5000,3,10,10,3001,"s2",1,8,134,76,0.701192462177267,7.09576872604507,0.508300100265846
"production_n5k_p10",5000,3,10,10,3001,"s2",1,9,134,76,0.847967785404807,31.3300309789711,0.539018018987382
"production_n5k_p10",5000,3,10,10,3001,"s2",1,10,134,76,0.847453641402332,53.0937713227485,0.603980728007746
"production_n5k_p10",5000,3,10,10,3002,"s1",1,2,119,55,0.935212985906377,0.914907860603485,0.598957824833449
"production_n5k_p10",5000,3,10,10,3002,"s1",1,3,119,55,0.775902170969997,0.794298569819703,0.530693920256918
"production_n5k_p10",5000,3,10,10,3002,"s1",1,4,119,55,0.786448170483131,1.35209859065394,0.611086016194027
"production_n5k_p10",5000,3,10,10,3002,"s1",1,5,118,54,0.878376455918556,0.97266089444252,0.541997417417171
"production_n5k_p10",5000,3,10,10,3002,"s1",1,6,118,54,0.831427054093393,0.805082004831389,0.534558897380755
"production_n5k_p10",5000,3,10,10,3002,"s1",1,7,118,54,0.791817303882815,0.806586129056276,0.510809084870937
"production_n5k_p10",5000,3,10,10,3002,"s1",1,8,117,54,0.899414755756672,0.855705534186435,0.594044859945778
"production_n5k_p10",5000,3,10,10,3002,"s1",1,9,117,54,0.802031602842251,1.34001479308476,0.631334495012871
"production_n5k_p10",5000,3,10,10,3002,"s1",1,10,117,54,0.87982841398859,0.615929497881849,0.584298111354515
"production_n5k_p10",5000,3,10,10,3002,"s3",1,2,109,52,0.803403103392873,1.07694305986981,0.579149729567878
"production_n5k_p10",5000,3,10,10,3002,"s3",1,3,109,52,0.999791873408134,0.915085292156404,0.639646164647855
"production_n5k_p10",5000,3,10,10,3002,"s3",1,4,109,52,0.764878190767051,1.31667897861921,0.654968306028509
"production_n5k_p10",5000,3,10,10,3002,"s3",1,5,108,51,0.793490902119256,1.13239073964735,0.621789921285466
"production_n5k_p10",5000,3,10,10,3002,"s3",1,6,108,51,1.01122937623819,0.923473024112594,0.544900442614657
"production_n5k_p10",5000,3,10,10,3002,"s3",1,7,108,51,0.841174882960227,0.619935619830256,0.573122311344027
"production_n5k_p10",5000,3,10,10,3002,"s3",1,8,108,51,0.857075639755919,0.670568954407178,0.647897069853326
"production_n5k_p10",5000,3,10,10,3002,"s3",1,9,107,51,0.825449619987408,1.06516115674223,0.696752582414082
"production_n5k_p10",5000,3,10,10,3002,"s3",1,10,107,51,1.12982455081645,0.61082968554553,0.598630746226568
"production_n5k_p10",5000,3,10,10,3002,"s2",1,2,129,73,0.817366424158156,43.8966178674206,0.648342814981016
"production_n5k_p10",5000,3,10,10,3002,"s2",1,3,129,73,0.817876573114742,7.8839518252611,0.620501819600529
"production_n5k_p10",5000,3,10,10,3002,"s2",1,4,129,73,0.746293606442391,16.5762510299305,0.431693270243026
"production_n5k_p10",5000,3,10,10,3002,"s2",1,5,129,73,1.56250234943802,47.6145187293186,0.697022234584171
"production_n5k_p10",5000,3,10,10,3002,"s2",1,6,129,73,0.811139957554224,20.1201249856703,0.558921244214712
"production_n5k_p10",5000,3,10,10,3002,"s2",1,7,128,73,0.827262428590572,11.6074729225195,0.58746602658956
"production_n5k_p10",5000,3,10,10,3002,"s2",1,8,128,73,1.32466226007323,22.1918230706041,0.605997320122956
"production_n5k_p10",5000,3,10,10,3002,"s2",1,9,128,73,0.964425958515581,12.7512560610447,0.721230876441777
"production_n5k_p10",5000,3,10,10,3002,"s2",1,10,127,72,0.75874460026098,32.1569480066083,0.555367414279685
"production_n5k_p10",5000,3,10,10,3003,"s2",1,2,132,76,0.886034937291103,32.2972794936038,0.541065092096764
"production_n5k_p10",5000,3,10,10,3003,"s2",1,3,132,76,0.689992753427773,7.20310781079336,0.65340820830656
"production_n5k_p10",5000,3,10,10,3003,"s2",1,4,131,75,0.796427642659574,51.0929132735515,0.599602087462714
"production_n5k_p10",5000,3,10,10,3003,"s2",1,5,131,75,0.649308129336671,31.5475779041088,0.588124571026752
"production_n5k_p10",5000,3,10,10,3003,"s2",1,6,131,75,0.763054833363481,63.2123660260791,0.649880443212516
"production_n5k_p10",5000,3,10,10,3003,"s2",1,7,131,75,0.938698753381206,21.7378915620422,0.672752085553869
"production_n5k_p10",5000,3,10,10,3003,"s2",1,8,131,75,1.43858034853691,17.2443813101863,0.440020726230856
"production_n5k_p10",5000,3,10,10,3003,"s2",1,9,131,75,0.898307798335144,21.8036398740797,0.661164367615866
"production_n5k_p10",5000,3,10,10,3003,"s2",1,10,131,75,0.882396069959236,12.0096753496505,0.619391389234947
"production_n5k_p10",5000,3,10,10,3003,"s3",1,2,111,53,0.880774385990638,0.839444383385913,0.623199487918264
"production_n5k_p10",5000,3,10,10,3003,"s3",1,3,111,53,0.812367841039259,0.927330215402767,0.529958137622079
"production_n5k_p10",5000,3,10,10,3003,"s3",1,4,111,53,0.716635947221,1.00070279950818,0.534928096651171
"production_n5k_p10",5000,3,10,10,3003,"s3",1,5,110,53,0.814452144504267,0.930588311178791,0.589638360231339
"production_n5k_p10",5000,3,10,10,3003,"s3",1,6,109,52,0.779776775126338,1.74785473036586,0.66863458487813
"production_n5k_p10",5000,3,10,10,3003,"s3",1,7,109,52,0.848527030362689,1.16950128017743,0.660065787114855
"production_n5k_p10",5000,3,10,10,3003,"s3",1,8,109,52,0.759427957988161,0.713866331143406,0.468379630819255
"production_n5k_p10",5000,3,10,10,3003,"s3",1,9,109,52,0.864385774347714,0.930067035817514,0.610467049018332
"production_n5k_p10",5000,3,10,10,3003,"s3",1,10,109,52,1.1206506582075,1.05318621936981,0.507064305596446
"production_n5k_p10",5000,3,10,10,3003,"s1",1,2,111,53,0.826696230948634,1.12037657708048,0.735422999698524
"production_n5k_p10",5000,3,10,10,3003,"s1",1,3,111,53,0.846033532255728,1.384149177319,0.486744480641707
"production_n5k_p10",5000,3,10,10,3003,"s1",1,4,111,53,0.914512191887857,0.830166512569542,0.647849292428145
"production_n5k_p10",5000,3,10,10,3003,"s1",1,5,111,53,0.849599513280502,1.09557105381056,0.64199870999914
"production_n5k_p10",5000,3,10,10,3003,"s1",1,6,111,53,0.734980005091222,2.19255469495551,0.543496868681319
"production_n5k_p10",5000,3,10,10,3003,"s1",1,7,110,53,0.813192817723916,1.53061801858253,0.67072555586262
"production_n5k_p10",5000,3,10,10,3003,"s1",1,8,109,52,0.732173317445899,0.852666663979001,0.59856276803091
"production_n5k_p10",5000,3,10,10,3003,"s1",1,9,109,52,0.983959252161692,1.16870941501921,0.361395300441748
"production_n5k_p10",5000,3,10,10,3003,"s1",1,10,109,52,1.53218078012511,1.10975287561191,0.522218146062324
