"tag","n","K","p","seed","source","k1","k2","n_train","n_train_arm","n_calib","n_calib_arm","n_target_calib","alpha_init_abs_max","gamma_init_abs_max","w_exp_max","gamma_cal_abs_max","alpha_cal_abs_max","mu_pred_ts"
"n1k_p10",1000,3,10,2001,"s3",1,2,174,88,22,11,27,0.22825865198098,0.608263783966315,3.38019088050485,14.6988847955231,0.171170896490446,0.457311454349326
"n1k_p10",1000,3,10,2001,"s3",1,3,174,88,22,11,27,0.136575535005751,0.706548050371735,11.3365832042309,15.5452420660503,1.35181026075185,0.768273210771697
"n1k_p10",1000,3,10,2001,"s3",1,4,174,88,22,11,27,0.322928916791432,1.15292045728952,3.25672851276546,17.0791026498863,0.992381335595035,0.609291236052588
"n1k_p10",1000,3,10,2001,"s3",1,5,174,88,22,11,27,0.27443684570176,0.741116214323235,1.0496422799959,7.42764983757933,0.297439229350629,0.426183603873281
"n1k_p10",1000,3,10,2001,"s3",1,6,174,88,22,11,27,0.313154710998299,0.435337333524418,1.62086386949896,9.27297742688654,1.14903067163462,0.24066617937049
"n1k_p10",1000,3,10,2001,"s3",1,7,174,88,22,11,26,0.367724780125317,0.621656643370106,1.33445938851439,8.32830096019169,0.794427115199136,0.351576558503323
"n1k_p10",1000,3,10,2001,"s3",1,8,174,88,22,11,26,0.136575535005751,0.857549685723198,12.8508767752477,17.0667294142391,2.00738620851592,0.881570403884211
"n1k_p10",1000,3,10,2001,"s3",1,9,175,88,21,11,25,0.3242700507073,0.70239852772647,1.22907156422847,14.3563015920375,0.528174416410978,0.370942776975562
"n1k_p10",1000,3,10,2001,"s3",1,10,175,88,21,11,25,0.136575535005751,0.71015276443362,11.8998615278801,12.7877313262591,2.83659322473623,0.892010417252918
"n1k_p10",1000,3,10,2001,"s1",1,2,192,88,25,12,27,0.762140052046897,0.620549365659764,6.92575092655319,13.778658284994,0.558284980102783,0.625809415423108
"n1k_p10",1000,3,10,2001,"s1",1,3,193,89,24,11,27,0.778669353998107,0.889076092669444,17.77679810527,13.0613943969017,1.7193161724392,0.848040734066093
"n1k_p10",1000,3,10,2001,"s1",1,4,193,89,24,11,27,0.726330800425058,0.700053146598491,0.756493315815303,16.9813260072101,1.12599821550551,0.749867033564725
"n1k_p10",1000,3,10,2001,"s1",1,5,193,89,24,11,27,0.791621627035238,0.788662830659145,1.30400760326322,2.02091399495904,1.0154785566923,0.734090941936947
"n1k_p10",1000,3,10,2001,"s1",1,6,193,89,24,11,27,0.778669353998107,0.597676364643251,6.30048002900521,8.65188671896375,0.378739601860695,0.569346433334519
"n1k_p10",1000,3,10,2001,"s1",1,7,193,89,24,11,26,0.626455806061273,0.670418270583362,5.17825223544551,11.8918285403359,9.22099224348208,0.9025831523413
"n1k_p10",1000,3,10,2001,"s1",1,8,193,89,24,11,26,0.861969115618314,0.663866475601178,4.1495720901299,9.25991944173949,0.430869314617324,0.580104850974108
"n1k_p10",1000,3,10,2001,"s1",1,9,193,89,24,11,25,0.727048732235627,0.645218569558413,1.54433592527195,2.05298524806886,0.892419421203451,0.709389203720244
"n1k_p10",1000,3,10,2001,"s1",1,10,193,89,24,11,25,0.87993831307561,0.67245612790374,1.27425573347798,18.0511899355558,0.788769030605112,0.687566956489949
"n1k_p10",1000,3,10,2001,"s2",1,2,218,121,29,16,27,0.679600322904932,0.561030630965886,2.29418257289727,9.40862903311686,1.09828723110294,0.754830721921907
"n1k_p10",1000,3,10,2001,"s2",1,3,218,121,29,16,27,0.644196833970576,0.729085232352529,23.2364673207898,16.2753266081742,1.39950820765883,0.775545539480517
"n1k_p10",1000,3,10,2001,"s2",1,4,220,122,27,15,27,0.74057385583497,0.681245177513631,13.9970738338138,3.37888310662853,1.71848930146187,0.418873655851406
"n1k_p10",1000,3,10,2001,"s2",1,5,220,122,27,15,27,0.635318221437889,0.730515699676112,2.26893161080601,0.834820312431219,0.58523787494029,0.634229044392291
"n1k_p10",1000,3,10,2001,"s2",1,6,220,122,27,15,27,0.739937690348335,1.00685844968857,240.652261163825,8.23706501153637,0.80321815457757,0.321875756495893
"n1k_p10",1000,3,10,2001,"s2",1,7,220,122,27,15,26,0.637669710156335,0.667674353874355,9.77104278184201,9.54234912497419,1.37275215965605,0.797824442462322
"n1k_p10",1000,3,10,2001,"s2",1,8,220,122,27,15,26,0.613601809391819,0.575217273433942,1.93707473451894,4.55161310010933,2.19856771446808,0.384245854077469
"n1k_p10",1000,3,10,2001,"s2",1,9,220,122,27,15,25,0.661023983500796,0.981736963685599,54.4130639583408,18.5226556210911,1.04404041691481,0.570478939909003
"n1k_p10",1000,3,10,2001,"s2",1,10,220,122,27,15,25,0.671610248862795,0.588417206884348,4.44197307639495,8.74903799701506,3.13118813389615,0.295552730759685
"n1k_p10",1000,3,10,2002,"s1",1,2,171,92,22,12,28,0.262364264467491,0.406721067751242,2.69636710515191,10.8788739967279,0.978406124937497,0.227841675992611
"n1k_p10",1000,3,10,2002,"s1",1,3,171,92,22,12,28,0.174353387144778,0.778775939791227,3.69580049925355,3.09640584724017,0.4226326968676,0.395886940846873
"n1k_p10",1000,3,10,2002,"s1",1,4,171,92,22,12,28,0.130620182417064,1.38370342537652,214.214093843589,8.71861716248378,1.27684355530371,0.584511812360384
"n1k_p10",1000,3,10,2002,"s1",1,5,171,92,22,12,28,0.322486814058615,0.490689888978233,4.18105362124205,3.84590091641507,0.634404507521111,0.619104026336385
"n1k_p10",1000,3,10,2002,"s1",1,6,171,92,22,12,27,0.174353387144778,0.607829207874438,1.14007398609535,8.44145698440135,0.326539918971595,0.580917248434548
"n1k_p10",1000,3,10,2002,"s1",1,7,172,93,21,11,27,0.325422400434628,0.582925394811631,4.56128285796782,9.74045506119952,0.681944572826106,0.335827432370422
"n1k_p10",1000,3,10,2002,"s1",1,8,172,93,21,11,26,0.150822889734584,0.578740170656391,1.31313874197505,16.5980467473905,0.831679429684429,0.691535452512097
"n1k_p10",1000,3,10,2002,"s1",1,9,172,93,21,11,26,0.21076627821273,0.806158759783974,25.5718486631158,8.91092214502432,1.81817515702463,0.263991003649084
"n1k_p10",1000,3,10,2002,"s1",1,10,173,93,20,11,26,0.194156014440957,0.971337173837651,3.98127849926673,16.5683779577332,0.201660863283632,0.482493263837781
"n1k_p10",1000,3,10,2002,"s2",1,2,230,127,29,16,28,0.530373138503305,0.862410588141375,262.995109788863,20.6589304021278,0.596822989142301,0.64492912031495
"n1k_p10",1000,3,10,2002,"s2",1,3,230,127,29,16,28,0.457594301296593,1.08046140611808,244.970408805212,7.42824456724416,1.53329848339079,0.810928978912856
"n1k_p10",1000,3,10,2002,"s2",1,4,230,127,29,16,28,0.499014709580543,0.723339703451824,3.69902022098515,16.1549166002443,1.28538312843425,0.673453996140311
"n1k_p10",1000,3,10,2002,"s2",1,5,230,127,29,16,28,0.512237545389577,0.967694771647412,7.44455458629675,3.00587926392942,0.759238949920991,0.714226525455144
"n1k_p10",1000,3,10,2002,"s2",1,6,230,127,29,16,27,0.484278253243027,0.806260107861774,5.70363235182181,9.975908500898,0.80259972726131,0.68363980030126
"n1k_p10",1000,3,10,2002,"s2",1,7,230,127,29,16,27,0.456546473506154,0.730845132503448,19.9394249051965,12.4267389792082,2.50513542469919,0.567148922441994
"n1k_p10",1000,3,10,2002,"s2",1,8,230,127,29,16,26,0.53637650172737,0.731258789329624,6.10392023965106,4.42950597840804,0.873347415697114,0.500102429664927
"n1k_p10",1000,3,10,2002,"s2",1,9,230,127,29,16,26,0.506732477502037,1.1882095563334,57.2256053542587,16.9480895933216,0.8212486754099,0.31376954829082
"n1k_p10",1000,3,10,2002,"s2",1,10,232,128,27,15,26,0.59504167268923,1.32340162627402,481.528122098564,17.6320585573497,4.07575987746108,0.697118780236407
"n1k_p10",1000,3,10,2002,"s3",1,2,179,92,23,12,28,0.900357500512462,0.932246804810749,4.80085922182011,6.18489591617351,1.61947928033206,0.20081297473543
"n1k_p10",1000,3,10,2002,"s3",1,3,179,92,23,12,28,0.521254929254334,0.602062223175965,1.73178177032834,3.33348721771253,1.31034819503896,0.525936718220497
"n1k_p10",1000,3,10,2002,"s3",1,4,179,92,23,12,28,0.380973379885981,1.54664642801293,130.033036091523,20.2347599381388,16.4920948351046,0.704371281270483
"n1k_p10",1000,3,10,2002,"s3",1,5,179,92,23,12,28,0.306730267422475,0.593802257433198,1.71599889380312,19.0106192016557,1.12333629344329,0.746767089241191
"n1k_p10",1000,3,10,2002,"s3",1,6,179,92,23,12,27,0.562800219129017,0.596505321286348,2.64253945144448,2.9564262039801,1.18802865344195,0.245471145946942
"n1k_p10",1000,3,10,2002,"s3",1,7,180,93,22,11,27,0.457655721241641,0.628639315568276,3.82365210903483,8.97154929147254,0.537711009077711,0.629167449797755
"n1k_p10",1000,3,10,2002,"s3",1,8,180,93,22,11,26,0.373136515542175,0.763594076401403,2.44581449801253,12.2497992145448,1.69870268827308,0.488793806396154
"n1k_p10",1000,3,10,2002,"s3",1,9,180,93,22,11,26,0.194156014440957,1.07878945387665,169.423622745583,17.473965299858,12.0830733740606,0.919374799336671
"n1k_p10",1000,3,10,2002,"s3",1,10,181,93,21,11,26,0.459608184988796,0.445038998420027,5.32222765029067,13.1743557772912,0.753628926356348,0.679968909378515
"n1k_p10",1000,3,10,2003,"s3",1,2,184,88,24,11,29,0.27443684570176,0.813869864322108,42.2953326493915,13.7624290941133,1.68003529357599,0.507216220127174
"n1k_p10",1000,3,10,2003,"s3",1,3,185,88,23,11,29,0.358919630287019,0.700110029321774,1.32567345758208,10.5499181850152,0.0882023148494747,0.478085344885377
"n1k_p10",1000,3,10,2003,"s3",1,4,185,88,23,11,29,0.257196195187761,0.720222790776374,4.23180466400883,8.43839615269661,1.18638427272014,0.766093770694865
"n1k_p10",1000,3,10,2003,"s3",1,5,185,88,23,11,27,0.297154686933362,0.571007071743729,5.97843241502889,16.9914533322305,1.02648239404476,0.734676543006364
"n1k_p10",1000,3,10,2003,"s3",1,6,185,88,23,11,27,0.154885116828862,0.730649968854541,1.16614890135122,10.9345353879462,0.618376312013419,0.649510508434191
"n1k_p10",1000,3,10,2003,"s3",1,7,185,88,23,11,27,0.320907720080101,0.796391746543318,15.4181809069826,10.9151688186228,2.22979896102711,0.0971062659803302
"n1k_p10",1000,3,10,2003,"s3",1,8,185,88,23,11,27,0.175300226866997,0.608304330925855,5.32194727530153,10.6724617766359,1.17275855495868,0.772709792060148
"n1k_p10",1000,3,10,2003,"s3",1,9,185,88,23,11,27,0.25572315760284,1.07351736925347,7.79565772899023,8.64310709478744,1.91204332510041,0.524101242069998
"n1k_p10",1000,3,10,2003,"s3",1,10,185,88,23,11,27,0.22825865198098,0.720449735496773,4.12825664509291,11.9263206164964,3.34263832491637,0.537072924491948
"n1k_p10",1000,3,10,2003,"s2",1,2,195,115,25,15,29,0.627102160936681,0.630429739481377,33.3462233708725,5.044982058328,2.56187808362596,0.928367453309169
"n1k_p10",1000,3,10,2003,"s2",1,3,195,115,25,15,29,0.768469151956707,0.623061095589974,17.9797878726699,4.86604874710581,0.0399900682519382,0.490003815064386
"n1k_p10",1000,3,10,2003,"s2",1,4,195,115,25,15,29,0.731114933813391,0.612926713013353,12.5921153393346,6.63132892657338,0.697282787287662,0.66758505605876
"n1k_p10",1000,3,10,2003,"s2",1,5,195,115,25,15,27,0.762862067124787,1.12465325871639,24.2246384644891,9.31983690421933,0.68381019421197,0.335411437963577
"n1k_p10",1000,3,10,2003,"s2",1,6,196,116,24,14,27,0.935134914309648,0.630238755614899,1.7650888866339,9.07575875395923,0.213078222694063,0.555030919114308
"n1k_p10",1000,3,10,2003,"s2",1,7,196,116,24,14,27,0.402440755850097,0.607518844844567,5.8897469898142,9.2764202374036,6.67754807145667,0.0661866259399158
"n1k_p10",1000,3,10,2003,"s2",1,8,196,116,24,14,27,0.596483411258173,1.10865531143954,42.6961907405554,17.1238066498961,1.92996615113849,0.126445310587899
"n1k_p10",1000,3,10,2003,"s2",1,9,196,116,24,14,27,0.714917228605566,0.906754600959321,12.5249212941939,7.45764042846928,0.620160891368225,0.414613295098308
"n1k_p10",1000,3,10,2003,"s2",1,10,196,116,24,14,27,0.657172696703866,0.558254749906188,58.1117402495751,16.5025335685881,0.0367089687158004,0.490823788247018
"n1k_p10",1000,3,10,2003,"s1",1,2,194,86,25,11,29,0.376477571234912,0.641269680274277,3.51913392550465,17.8385147486589,1.86027227673394,0.853208408804984
"n1k_p10",1000,3,10,2003,"s1",1,3,194,86,25,11,29,0.473784352085642,0.683845417036646,4.01416748878381,11.7399085842986,2.65827435041993,0.35090332275468
"n1k_p10",1000,3,10,2003,"s1",1,4,194,86,25,11,29,0.473784352085642,0.774502702299422,0.966249673882346,16.8671483930009,0.268611674704512,0.564871135779806
"n1k_p10",1000,3,10,2003,"s1",1,5,194,86,25,11,27,0.624154309072994,0.601540900486355,5.88569948478476,19.8699887001631,1.50481616583615,0.216099183995772
"n1k_p10",1000,3,10,2003,"s1",1,6,194,86,25,11,27,0.328504066972036,0.743982159747561,1.24259496090919,4.40675524394283,1.58277956743418,0.837415883579315
"n1k_p10",1000,3,10,2003,"s1",1,7,195,86,24,11,27,0.376477571234912,0.746119256572758,1.0702524051621,12.1257115200035,0.675256451986211,0.611214102695337
"n1k_p10",1000,3,10,2003,"s1",1,8,195,86,24,11,27,0.523248143764548,0.829349445697595,4.4787124294223,7.93337695216635,2.65810089900591,0.354532617055936
"n1k_p10",1000,3,10,2003,"s1",1,9,196,87,23,10,27,0.349701620380998,0.599155961965564,2.66504218890929,4.38113904702636,1.1191206430028,0.753897631536211
"n1k_p10",1000,3,10,2003,"s1",1,10,196,87,23,10,27,0.451898076259807,0.729807261245805,1.26389813931267,13.4998166688378,4.2471596746003,0.540476152111969
"n1k_p20",1000,3,20,2001,"s2",1,2,220,131,29,17,29,0.420557526655475,1.12931652762999,259.622000906502,9.79663206613348,0.421379600399443,0.60381332894701
"n1k_p20",1000,3,20,2001,"s2",1,3,220,131,29,17,29,0.480708521728382,0.448260571202205,14.0315591748755,20.0772580516184,2.93419559396,0.699183182338608
"n1k_p20",1000,3,20,2001,"s2",1,4,221,131,28,17,29,0.560035207417828,1.31704034330304,2076.59413683774,17.5401545796456,1.55367612155761,0.675015270378785
"n1k_p20",1000,3,20,2001,"s2",1,5,221,131,28,17,29,0.470353583481774,0.560708393461322,24.0675589838061,15.0969796106197,5.71790443492916,0.708386055454501
"n1k_p20",1000,3,20,2001,"s2",1,6,222,132,27,16,29,0.426244200741827,0.885091763043766,93.3271493489309,20.5820589375111,0.612768078526332,0.638179466770781
"n1k_p20",1000,3,20,2001,"s2",1,7,222,132,27,16,28,0.477455629277384,3.88200886784717,439140.13051327,9.60556864684507,1.16388283036089,0.776890929585942
"n1k_p20",1000,3,20,2001,"s2",1,8,222,132,27,16,28,0.64015603580548,1.23114203116132,33.5098826967747,9.41637765004149,1.37286695885952,0.202157040990212
"n1k_p20",1000,3,20,2001,"s2",1,9,222,132,27,16,28,0.534044201837657,0.809682662437496,3389.56049450207,9.54460423256504,2.17692681031082,0.765104616021899
"n1k_p20",1000,3,20,2001,"s2",1,10,222,132,27,16,27,0.52969951379652,0.77970697262489,287.103338597413,19.8339166589018,1.81346211624643,0.374680815942907
"n1k_p20",1000,3,20,2001,"s3",1,2,166,79,21,10,29,0.384411698910332,0.517963769291576,2.63352441193748,13.6021868605025,2.46310500271061,0.165141690598972
"n1k_p20",1000,3,20,2001,"s3",1,3,166,79,21,10,29,0.280301965154158,1.96346287135649,911.803313240181,29.7408622162861,4.1947205748699,0.709528703554049
"n1k_p20",1000,3,20,2001,"s3",1,4,166,79,21,10,29,0.299839543286937,9.96563245362607,2.25478093126735e+22,22.432736386178,2.58170623285047,0.929674903534008
"n1k_p20",1000,3,20,2001,"s3",1,5,166,79,21,10,29,0.228841572428847,1.75409885138625,142.737170649133,18.7812254773372,10.5415522393327,0.999973585003364
"n1k_p20",1000,3,20,2001,"s3",1,6,166,79,21,10,29,0.280301965154158,0.504488206319781,2.73504969311851,16.8033882699679,0.817205224150167,0.47026394461557
"n1k_p20",1000,3,20,2001,"s3",1,7,166,79,21,10,28,0.126751705639144,14.7020947600616,5.08553699621663e+31,15.5822482192331,2.73885679245875,0.637633858383606
"n1k_p20",1000,3,20,2001,"s3",1,8,166,79,21,10,28,0.228841572428848,0.813317629473379,24.6487061655527,20.0485690858076,2.65662031557345,0.934417859546296
"n1k_p20",1000,3,20,2001,"s3",1,9,166,79,21,10,28,0.177681177237452,0.571250666513448,1.76501726658191,24.6485858768783,0.896314331288874,0.563822735758929
"n1k_p20",1000,3,20,2001,"s3",1,10,168,80,19,9,27,0.251314428280906,1.88106037445931,162825.936933476,25.2707242346544,3.05336976303052,0.291723352359939
"n1k_p20",1000,3,20,2001,"s1",1,2,183,87,23,11,29,0.348306694268216,0.976608089833666,82.3725428044134,21.9747110266811,1.72312081726929,0.151469619272088
"n1k_p20",1000,3,20,2001,"s1",1,3,183,87,23,11,29,0.207639364778245,0.840342271805895,17.7812735779438,13.8607683578044,5.25245784961568,0.96114283859643
"n1k_p20",1000,3,20,2001,"s1",1,4,183,87,23,11,29,0.653178678776004,1.29303305715425,477.90371664681,14.6584713819723,1.8959187103337,0.42130264596442
"n1k_p20",1000,3,20,2001,"s1",1,5,183,87,23,11,29,0.301105092783922,0.971506807924252,46.6208097904713,23.353593782572,1.00374248889964,0.290956319098537
"n1k_p20",1000,3,20,2001,"s1",1,6,183,87,23,11,29,0.300663676230846,1.12665524828093,321.068876450206,18.6207153515347,3.11175427312429,0.686824747137586
"n1k_p20",1000,3,20,2001,"s1",1,7,183,87,23,11,28,0.443931388935961,1.15727246746144,1144.02069341406,13.5121334571959,0.531837240750042,0.62991151716926
"n1k_p20",1000,3,20,2001,"s1",1,8,183,87,23,11,28,0.254234138384241,1.16197688089432,22.1238907080621,24.7242451153951,4.18405290440603,0.595434902149054
"n1k_p20",1000,3,20,2001,"s1",1,9,183,87,23,11,28,0.348306694268216,0.690834811705427,1.90305844235992,20.1673099377716,1.76243846527549,0.599507701168311
"n1k_p20",1000,3,20,2001,"s1",1,10,184,88,22,10,27,0.320907720080102,9.64775567130472,642731979187407,22.750108253433,0.723971846052931,0.673481044292752
"n1k_p20",1000,3,20,2002,"s3",1,2,163,76,21,10,27,0.926478606356905,2.08833548402619,458.021928908282,19.3276797653006,1.22066781200325,0.36143477523537
"n1k_p20",1000,3,20,2002,"s3",1,3,163,76,21,10,27,0.539619137813085,18.340009420767,9.22514172498494e+43,14.562607917205,1.21593919455433e-06,0.500000303984799
"n1k_p20",1000,3,20,2002,"s3",1,4,163,76,21,10,27,0.472970603962951,2.07906058544991,96.5329977102951,16.9617326521668,11.8757192029452,0.99999304274919
"n1k_p20",1000,3,20,2002,"s3",1,5,163,76,21,10,26,0.612008287045066,2.0611546085978,815.482915708602,23.1333868815911,1.98524994480987,0.355969767177952
"n1k_p20",1000,3,20,2002,"s3",1,6,163,76,21,10,26,0.565089992686022,0.933138355620553,27.1652938210091,19.0244920703552,2.07158820083769,0.349792408449725
"n1k_p20",1000,3,20,2002,"s3",1,7,164,77,20,9,26,0.611697336962539,3.25904744758132,13814.8465795872,13.8847413827472,14.0755900789724,0.999999229010321
"n1k_p20",1000,3,20,2002,"s3",1,8,164,77,20,9,26,0.627597765444155,5.3009548697402,11116131464.5771,18.7573367488954,0.493359997999146,0.378420148151405
"n1k_p20",1000,3,20,2002,"s3",1,9,164,77,20,9,26,0.704504317418763,0.960408849884915,35.3634348468085,16.1747991494852,1.17423691956015,0.783470748095098
"n1k_p20",1000,3,20,2002,"s3",1,10,165,77,19,9,26,0.792425157871559,5.52959224281076,3330210349492.01,17.4311537990009,7.15955239710046,0.00077679855784458
"n1k_p20",1000,3,20,2002,"s2",1,2,231,136,30,18,27,0.652562157947719,0.934459034216465,65.564501075926,10.428224300577,1.36463238029871,0.789330893494014
"n1k_p20",1000,3,20,2002,"s2",1,3,232,137,29,17,27,0.659382704461651,0.852025262496748,23.4437146561653,15.2082374666336,1.65406821706842,0.861167718882666
"n1k_p20",1000,3,20,2002,"s2",1,4,232,137,29,17,27,0.657230548273539,0.704211362581415,214.9289897881,13.3507747111125,6.66844041573748,0.737864028020811
"n1k_p20",1000,3,20,2002,"s2",1,5,232,137,29,17,26,0.666536453250893,0.848460651628054,97.46042933467,30.116482650659,0.9841563912811,0.622846786759261
"n1k_p20",1000,3,20,2002,"s2",1,6,232,137,29,17,26,0.667903204533517,0.797179507267896,30.0948339826543,16.4427255901549,1.11918600814371,0.562985093985972
"n1k_p20",1000,3,20,2002,"s2",1,7,232,137,29,17,26,0.682105686356857,0.684253236785509,70.5537040910476,7.58431649987497,0.456878285252393,0.393066438476479
"n1k_p20",1000,3,20,2002,"s2",1,8,232,137,29,17,26,0.758126560140647,0.60180528253146,10.3821294686458,10.386498313407,0.211225108601549,0.447389184765204
"n1k_p20",1000,3,20,2002,"s2",1,9,232,137,29,17,26,0.694259339366571,5.38891887911186,2764987396.19777,21.3479266689633,2.63933436993647,0.756914998467615
"n1k_p20",1000,3,20,2002,"s2",1,10,233,137,28,17,26,0.711962893936852,4.85622037374298,4599198581584.94,12.7588240730934,9.3527975405726,0.99991328505034
"n1k_p20",1000,3,20,2002,"s1",1,2,192,88,24,11,27,0.269148194597299,1.50329498391725,55.2852878747227,30.179458390855,2.35020044849509,0.550331495094565
"n1k_p20",1000,3,20,2002,"s1",1,3,192,88,24,11,27,0.264151390273425,4.47044857959326,376629807.536357,23.1009696229272,0.60372247949158,0.646507488372816
"n1k_p20",1000,3,20,2002,"s1",1,4,192,88,24,11,27,0.241458741609654,3.36379158111823,173862.331353295,26.8190192177431,7.08647806020928,0.803393339520556
"n1k_p20",1000,3,20,2002,"s1",1,5,192,88,24,11,26,0.405596707895895,1.08025998162661,11.868896168211,25.2219336452364,1.03082968070645,0.758649861229158
"n1k_p20",1000,3,20,2002,"s1",1,6,192,88,24,11,26,0.162300428479465,1.0927763755548,9.47115117198761,27.8784609006885,3.37318939583831,0.966856049042888
"n1k_p20",1000,3,20,2002,"s1",1,7,192,88,24,11,26,0.303638931897028,1.08426230448279,33.3953570760088,15.4624800739318,2.35863472012924,0.0930835043643048
"n1k_p20",1000,3,20,2002,"s1",1,8,192,88,24,11,26,0.174872612533031,37.9615812904047,1.23793265665519e+53,31.5427374300835,21.7976591982269,0.995852866743909
"n1k_p20",1000,3,20,2002,"s1",1,9,192,88,24,11,26,0.244332027284959,1.13544149186571,164.296512003323,21.7041559067543,2.59810090167448,0.229110223105969
"n1k_p20",1000,3,20,2002,"s1",1,10,192,88,24,11,26,1.68882132387784e-16,1.86520581350554,21188.8021430804,21.0017965601202,5.67385266730148,0.931687640692728
"n1k_p20",1000,3,20,2003,"s3",1,2,189,88,24,11,27,0.326244153353501,24.3573150241215,1.85948943517701e+52,19.8503841513117,1.03789960272292e-07,0.50000002594749
"n1k_p20",1000,3,20,2003,"s3",1,3,189,88,24,11,27,0.138224754265398,1.0311143982306,1.86978715369963,19.4916235499064,20.0013576089695,0.999035182540414
"n1k_p20",1000,3,20,2003,"s3",1,4,189,88,24,11,27,0.327039026325417,8.25028819914149,2389172471230754,23.7444841201403,4.7717619504617,0.991605610985419
"n1k_p20",1000,3,20,2003,"s3",1,5,189,88,24,11,26,0.373691874736339,1.05801813898091,5.27778151715403,26.2280183757803,2.49836358776604,0.441564560665192
"n1k_p20",1000,3,20,2003,"s3",1,6,189,88,24,11,26,0.424066000012167,2.71607920113218,5823856.03753743,17.7574634094441,3.83613918915936,0.422856619165798
"n1k_p20",1000,3,20,2003,"s3",1,7,189,88,24,11,26,0.460023221577977,3.4969391816647,484503.709429538,15.0484673833865,3.35215681986872,0.849694755265975
"n1k_p20",1000,3,20,2003,"s3",1,8,190,88,23,11,26,0.364478985080821,1.75959666820869,196.914177920344,17.684441400234,2.82996669070494,0.280241880962898
"n1k_p20",1000,3,20,2003,"s3",1,9,190,88,23,11,25,0.367724780125318,1.50522851506518,3541.33449209516,23.9613391499003,2.61212736447196,0.550358220189069
"n1k_p20",1000,3,20,2003,"s3",1,10,190,88,23,11,25,0.178941351709903,14.9255397536769,6.38608306063656e+34,31.8666096111799,19.7427335709938,0.999999997334125
"n1k_p20",1000,3,20,2003,"s1",1,2,198,100,26,13,27,0.579860382634047,1.10447071592943,69.881108230611,19.8687811559743,2.49139781902441,0.923536570574713
"n1k_p20",1000,3,20,2003,"s1",1,3,198,100,26,13,27,0.743779671348079,1.94102934775992,15.7772983667573,14.6347799910553,1.01197882958295,0.28067239986795
"n1k_p20",1000,3,20,2003,"s1",1,4,198,100,26,13,27,0.626699330913622,2.37562626288365,8331.06129632274,15.8391033438195,3.40561354253849,0.375973303542703
"n1k_p20",1000,3,20,2003,"s1",1,5,199,100,25,13,26,0.625439893106475,0.752263292608801,20.7638593033513,15.4494220967667,0.471744355414958,0.594065620315459
"n1k_p20",1000,3,20,2003,"s1",1,6,199,100,25,13,26,0.541927815485873,1.46300290353044,4072.67975013575,22.2337853483391,3.08334072505762,0.956200311859424
"n1k_p20",1000,3,20,2003,"s1",1,7,200,101,24,12,26,0.468066188691848,2.92241749865504,52824131.8834652,18.3647161577126,8.51340129082495,0.911174614789593
"n1k_p20",1000,3,20,2003,"s1",1,8,200,101,24,12,26,0.545493856683444,0.525816126467843,8.86703926160821,20.0491092338154,1.295221593764,0.560021501538118
"n1k_p20",1000,3,20,2003,"s1",1,9,200,101,24,12,25,0.562924681044053,3.22372794720093,3703123.30282756,22.06555326672,2.9678820096118,0.925828744804401
"n1k_p20",1000,3,20,2003,"s1",1,10,200,101,24,12,25,0.522837154948389,1.2166511804809,21.3516662237437,18.7079063468635,2.07993058286346,0.863203463046569
"n1k_p20",1000,3,20,2003,"s2",1,2,199,119,25,15,27,0.821716954313729,1.74717946870827,4128.57628299226,13.4105706674609,2.88736864620929,0.0622645610093523
"n1k_p20",1000,3,20,2003,"s2",1,3,199,119,25,15,27,0.870884067312325,0.664616367466236,50.3840515046884,13.9660578738209,2.89131075383004,0.6165894370035
"n1k_p20",1000,3,20,2003,"s2",1,4,199,119,25,15,27,0.689710491324581,1.77168416914582,1052.27692066505,15.7734360327462,2.179609642909,0.673826258510223
"n1k_p20",1000,3,20,2003,"s2",1,5,199,119,25,15,26,0.837097258958081,0.87006041004407,258.499241535445,13.0886014913194,1.13703316379822,0.445569614704447
"n1k_p20",1000,3,20,2003,"s2",1,6,199,119,25,15,26,0.835676928726675,1.74171375188432,11311.7293659743,14.0266427490865,0.502577413250715,0.37693515856772
"n1k_p20",1000,3,20,2003,"s2",1,7,199,119,25,15,26,0.688720605525757,10.544423052536,6591592257168.63,19.4366786736828,17.4122452631707,0.999999972586913
"n1k_p20",1000,3,20,2003,"s2",1,8,199,119,25,15,26,0.835321669340488,1.55428172475015,1042.16048909253,13.0773920990999,2.67060219659576,0.899537240395242
"n1k_p20",1000,3,20,2003,"s2",1,9,199,119,25,15,25,0.8754687373539,19.0062519644677,1.78102971516245e+61,26.9905659528756,9.54693239348096,0.999928585084577
"n1k_p20",1000,3,20,2003,"s2",1,10,200,120,24,14,25,0.699839360293616,5.08827643754595,53926636.9594499,7.6972484302201,3.81467575049429,0.92481067039275
"n1k_p50",1000,3,50,2001,"s1",1,2,178,96,23,12,29,0.752706068889604,15.8514353089271,2.23381933904446e+32,27.221925432815,4.65979089036442,0.0577511303477458
"n1k_p50",1000,3,50,2001,"s1",1,3,178,96,23,12,29,1.23730008659907,27.2359843482938,1.55084588335528e+89,24.7934359936801,2.1152642110408e-06,0.500000528816053
"n1k_p50",1000,3,50,2001,"s1",1,4,178,96,23,12,29,0.67187028124706,24.5281392178744,4.23582591865814e+72,24.6133158312334,4.6271247921777,0.973577106852107
"n1k_p50",1000,3,50,2001,"s1",1,5,179,96,22,12,29,0.865523486139138,30.2560343929966,3.68074641183489e+63,21.3158088142011,0.000298677964870898,0.500074669490663
"n1k_p50",1000,3,50,2001,"s1",1,6,179,96,22,12,29,0.700398984301377,31.0692293306874,3.39218314156686e+55,27.1798371170923,5.88510809556979,0.998037644440639
"n1k_p50",1000,3,50,2001,"s1",1,7,179,96,22,12,29,0.77922791423221,27.9687351324364,3.29532217595274e+99,24.3698683896934,20.0668885228113,0.999999998072204
"n1k_p50",1000,3,50,2001,"s1",1,8,179,96,22,12,29,0.579526904797417,38.0221272830972,5.65753383298324e+99,30.5840352877716,5.27041743415767,0.945989719464132
"n1k_p50",1000,3,50,2001,"s1",1,9,179,96,22,12,29,0.693147180559945,22.3634247082433,8.75325731330098e+44,26.4109708460084,4.8582459987083,0.0843486540650174
"n1k_p50",1000,3,50,2001,"s1",1,10,179,96,22,12,29,0.714586257397813,25.70862788356,6.56842003171806e+50,29.9281280933618,0.464036309886671,0.616525126202354
"n1k_p50",1000,3,50,2001,"s2",1,2,221,126,28,16,29,0.821006391306191,26.4133044189965,1.37712138081972e+57,24.1541305273461,3.73707004214084,0.99050559704764
"n1k_p50",1000,3,50,2001,"s2",1,3,221,126,28,16,29,0.714612861987618,39.502085787153,4.15707199485359e+95,24.1049802439967,5.16693377551847,0.961033501780457
"n1k_p50",1000,3,50,2001,"s2",1,4,221,126,28,16,29,0.639924123284877,21.9107926326668,2.63060055952511e+65,29.8484385592987,5.59341421658921,0.920353170886595
"n1k_p50",1000,3,50,2001,"s2",1,5,221,126,28,16,29,0.607298774759957,29.8999311603887,3.50733226184946e+173,29.4169557013978,12.8436133461801,0.999997357053036
"n1k_p50",1000,3,50,2001,"s2",1,6,221,126,28,16,29,0.877718457087915,26.9794108824367,2.66491669882478e+98,22.7067258070405,1.37410241023864e-09,0.500000000343526
"n1k_p50",1000,3,50,2001,"s2",1,7,221,126,28,16,29,0.83975065475182,31.4609071989535,5.26855904670025e+74,28.8481315448456,19.3068530078942,0.999999995877694
"n1k_p50",1000,3,50,2001,"s2",1,8,221,126,28,16,29,0.810411080814325,29.1001350608152,3.65710198691905e+65,25.1051583426289,0.693147175407061,0.666666665521581
"n1k_p50",1000,3,50,2001,"s2",1,9,222,127,27,15,29,0.78116014344707,32.9915323141972,4.69787200941242e+120,24.0120781472924,0.668987658307357,0.661276441913837
"n1k_p50",1000,3,50,2001,"s2",1,10,223,127,26,15,29,0.7407752295492,20.0880934878155,1.70047334173942e+74,29.1160088370651,4.98038355109511,0.974718860753648
"n1k_p50",1000,3,50,2001,"s3",1,2,165,80,21,10,29,0.452929314244003,36.7987687486062,1.00714048579037e+99,26.3643854979949,20.4054661754324,0.999999998625899
"n1k_p50",1000,3,50,2001,"s3",1,3,165,80,21,10,29,0.54922422292552,31.7899702530486,3.18629769243605e+74,32.1337382723467,0.792119131263969,0.696525818254297
"n1k_p50",1000,3,50,2001,"s3",1,4,165,80,21,10,29,0.417506225815847,31.2399177836468,7.06946522438863e+85,33.1129367977523,2.06115361606603e-09,0.500000000490718
"n1k_p50",1000,3,50,2001,"s3",1,5,165,80,21,10,29,0.421309767376137,56.9825459826427,1.48483898613796e+147,34.8975775691545,1.0986122817976,0.749999998711779
"n1k_p50",1000,3,50,2001,"s3",1,6,165,80,21,10,29,0.589115182475071,45.9996546296515,4.51518375861533e+96,33.0865310636159,4.50444880607549,0.848881371586382
"n1k_p50",1000,3,50,2001,"s3",1,7,165,80,21,10,29,0.661615519992623,39.8329914854554,1.66976815594915e+129,28.8868544146122,0.6924203934832,0.333494861131553
"n1k_p50",1000,3,50,2001,"s3",1,8,166,80,20,10,29,0.469873294914794,31.129199216229,3.322725820682e+148,34.1644890397006,0,0.5
"n1k_p50",1000,3,50,2001,"s3",1,9,166,80,20,10,29,0.39476016955882,39.3923377350919,5.14025750308588e+111,31.0450011173028,0.465275368464504,0.42065396629772
"n1k_p50",1000,3,50,2001,"s3",1,10,166,80,20,10,29,0.38883780058507,37.9725933162509,8.31546480595594e+64,30.3117660167071,1.22472393216067,0.785544197162731
"n1k_p50",1000,3,50,2002,"s2",1,2,196,112,25,14,32,0.689125924954701,15.3238715325167,2.85008665738942e+37,24.6453231007389,5.16600716659472,0.883447726896709
"n1k_p50",1000,3,50,2002,"s2",1,3,196,112,25,14,31,0.657811743278613,27.5269851343684,2.40360901159393e+60,31.1353648784509,2.88813235554575e-06,0.500000722033089
"n1k_p50",1000,3,50,2002,"s2",1,4,196,112,25,14,31,0.583136687552113,37.8473440558455,1.52553815424656e+77,19.1387988057269,0.916290731874153,0.714285714285714
"n1k_p50",1000,3,50,2002,"s2",1,5,196,112,25,14,31,0.722479105790268,24.6113414760935,9.26655522400862e+73,27.2224060223702,5.68157704588174,0.102554461643036
"n1k_p50",1000,3,50,2002,"s2",1,6,196,112,25,14,30,0.610122043198549,22.1173383599494,1.29970571165514e+65,28.7673780673622,4.39708230083588,0.898666379293479
"n1k_p50",1000,3,50,2002,"s2",1,7,197,112,24,14,30,0.612776746256371,34.7730228865553,8.16674225278428e+78,22.5029404759002,0.737371544492789,0.676420818197265
"n1k_p50",1000,3,50,2002,"s2",1,8,197,112,24,14,30,0.481863422728683,24.2938564424755,3.3690339947878e+44,25.5816523284703,3.12577304283986,0.677983400763605
"n1k_p50",1000,3,50,2002,"s2",1,9,197,112,24,14,30,0.718200084293194,30.7911629146312,4.57795787840232e+92,25.310676689768,0.936798159165486,0.282859013732122
"n1k_p50",1000,3,50,2002,"s2",1,10,197,112,24,14,30,0.539824293997342,25.0279026022182,1.70604704202218e+57,23.8994605887584,5.31599716904227,0.982649476456113
"n1k_p50",1000,3,50,2002,"s1",1,2,178,98,24,13,32,0.63252255874351,21.5049594061172,4.72170024833636e+77,23.8085210751402,5.0046785525843e-10,0.50000000011875
"n1k_p50",1000,3,50,2002,"s1",1,3,179,98,23,13,31,0.371563556432483,34.8155265446177,2.29879193174138e+92,29.327023854544,20.0017687390457,0.999999997942489
"n1k_p50",1000,3,50,2002,"s1",1,4,179,98,23,13,31,0.413975797776073,49.8901082876159,2.93568801146759e+135,25.0326354533414,1.71671915804101,0.841352259248704
"n1k_p50",1000,3,50,2002,"s1",1,5,180,99,22,12,31,0.454056015285599,45.4750538773071,3.54342827282075e+91,30.6632645208238,1.12634530271484,0.754911163233626
"n1k_p50",1000,3,50,2002,"s1",1,6,180,99,22,12,30,0.513874802441242,22.4857927853026,3.07024967652346e+37,31.4180751158175,0.0366955552436062,0.490827140486026
"n1k_p50",1000,3,50,2002,"s1",1,7,180,99,22,12,30,0.516216472400867,41.7525538788147,1.61831725050869e+132,31.835649708879,19.0837179406543,0.999999994847161
"n1k_p50",1000,3,50,2002,"s1",1,8,180,99,22,12,30,0.58481706779698,40.9929795235092,1.20033459422843e+114,27.2315130285551,0.804548540482027,0.309053383662795
"n1k_p50",1000,3,50,2002,"s1",1,9,180,99,22,12,30,0.62890397376679,30.3638365229782,4.48406669237972e+80,25.3840229939462,0.692136734253425,0.666442085240858
"n1k_p50",1000,3,50,2002,"s1",1,10,180,99,22,12,30,0.595725693008643,31.2435595801698,1.19500812587085e+112,27.9175416302423,0.693147163152117,0.33333333720174
"n1k_p50",1000,3,50,2002,"s3",1,2,175,85,23,11,32,0.559824899479382,21.8709718523981,1.21365337433112e+37,33.0753979442135,0.528047863538524,0.63608592782935
"n1k_p50",1000,3,50,2002,"s3",1,3,175,85,23,11,31,0.400433646418788,42.1105316533804,3.28496010218259e+43,29.2003752967033,2.02048707252251,0.86909461960465
"n1k_p50",1000,3,50,2002,"s3",1,4,175,85,23,11,31,0.560482794856502,51.4219050566939,8.04873052657179e+102,28.0501726959066,1.01190671645771,0.279871680983211
"n1k_p50",1000,3,50,2002,"s3",1,5,176,85,22,11,31,0.524463107155952,34.8072006609409,1.05028334036253e+71,26.6477695699308,0.68290652236764,0.679775168699023
"n1k_p50",1000,3,50,2002,"s3",1,6,176,85,22,11,30,0.590271669122209,27.8685085517804,5.70283461250569e+48,29.922792640434,0.000659923829451957,0.500164980951376
"n1k_p50",1000,3,50,2002,"s3",1,7,176,85,22,11,30,0.405465108108164,42.8004333308495,3.04881935695623e+128,37.8450186100489,1.15740046664647,0.754240943648243
"n1k_p50",1000,3,50,2002,"s3",1,8,177,86,21,10,30,0.424883193965266,31.8854292185713,1.09614804839286e+154,29.0290513728397,3.15597753476633,0.806052790896374
"n1k_p50",1000,3,50,2002,"s3",1,9,177,86,21,10,30,0.401081249767495,29.8015259320713,1.43816553309422e+80,28.447998241713,5.38040795432062,0.910635905072641
"n1k_p50",1000,3,50,2002,"s3",1,10,177,86,21,10,30,0.49759741196377,30.9974055147984,2.16741613688869e+72,27.756961679635,0.524321910723747,0.3718421830276
"n1k_p50",1000,3,50,2003,"s2",1,2,191,111,24,14,29,0.940695694158631,33.2736721644343,1.58185565233124e+89,29.9478001767728,20.0000002649094,0.999999997938847
"n1k_p50",1000,3,50,2003,"s2",1,3,191,111,24,14,29,1.13497993283898,27.6538373023118,7.7515078217592e+106,26.9307379920015,0.693147182621099,0.666666667124701
"n1k_p50",1000,3,50,2003,"s2",1,4,191,111,24,14,29,1.18455471846883,17.0793264074903,6.29466870557409e+40,21.7279352898617,0.921871768455514,0.719526737196309
"n1k_p50",1000,3,50,2003,"s2",1,5,191,111,24,14,29,0.892415579462658,61.7471765306787,2.3744763292517e+121,24.140954892968,5.66117349807828,0.955591457000196
"n1k_p50",1000,3,50,2003,"s2",1,6,191,111,24,14,29,1.08405981261765,43.6338756215507,9.90992782919485e+105,24.1581562037474,2.8498568568115,0.0997415033888443
"n1k_p50",1000,3,50,2003,"s2",1,7,191,111,24,14,29,1.01436042896569,24.9773520309615,2.05811979861231e+76,25.4598416351479,19.30685281165,0.999999995877693
"n1k_p50",1000,3,50,2003,"s2",1,8,191,111,24,14,29,1.08663609762139,26.6219346483964,2.07925818210655e+102,23.1739108513107,18.2952519087922,1.13363447832164e-08
"n1k_p50",1000,3,50,2003,"s2",1,9,191,111,24,14,29,1.13497993283898,38.4551727503297,5.97048337222496e+113,20.8334852439794,0.406631214970383,0.388837156906991
"n1k_p50",1000,3,50,2003,"s2",1,10,192,112,23,13,29,0.985725871445644,12.9358755485359,1.29232247631142e+47,24.8647380831846,4.89737305041496,0.963870067560333
"n1k_p50",1000,3,50,2003,"s1",1,2,186,90,24,12,29,0.044451762570834,29.3573817165937,2.05613266002799e+100,33.1641360400111,0.0340656043435135,0.508515577599042
"n1k_p50",1000,3,50,2003,"s1",1,3,186,90,24,12,29,0.0564232217451288,20.6684680004909,1.02655851548739e+81,32.8168351051044,0.467638125633138,0.61787032307894
"n1k_p50",1000,3,50,2003,"s1",1,4,186,90,24,12,29,0.0889474860164961,34.0476003952248,1.2918994450514e+76,34.7931721542042,18.3905620999328,1.03057678785333e-08
"n1k_p50",1000,3,50,2003,"s1",1,5,187,91,23,11,29,0.0219789067187755,29.4230569274927,3.18450624197302e+67,30.5921973079128,2.01054059973314,0.832050795741511
"n1k_p50",1000,3,50,2003,"s1",1,6,187,91,23,11,29,0.421497988541868,59.6733134568436,7.64791998976537e+98,28.5644686654605,0.918940972761844,0.284533490187698
"n1k_p50",1000,3,50,2003,"s1",1,7,187,91,23,11,29,0.0687582040852678,63.7447131492849,4.9533111577175e+107,35.2734832208571,0.694006369405419,0.666857570172446
"n1k_p50",1000,3,50,2003,"s1",1,8,187,91,23,11,29,0.0219789067187753,33.1045126827701,3.93680638390302e+136,23.9469311421056,1.45642462737296,0.782444989392141
"n1k_p50",1000,3,50,2003,"s1",1,9,187,91,23,11,29,0.110000895214329,44.6102077682658,8.7229041158665e+186,34.6186401542032,3.75683970861743,0.0617415045309375
"n1k_p50",1000,3,50,2003,"s1",1,10,187,91,23,11,29,0.420342575285805,29.6036515308623,5.7956669674446e+62,26.2817095488618,0.28768207210825,0.428571428655559
"n1k_p50",1000,3,50,2003,"s3",1,2,186,101,24,13,29,0.0990909026442309,13.9903119492843,8.67582096654981e+39,30.8739556187033,2.08410362848771,0.849917234498657
"n1k_p50",1000,3,50,2003,"s3",1,3,186,101,24,13,29,0.0358084911669119,14.5208605207897,6.50230424258026e+25,26.6641298882339,5.05992759776005,0.985457807492123
"n1k_p50",1000,3,50,2003,"s3",1,4,186,101,24,13,29,0.165257716256627,24.0961386877781,1.05679426630122e+48,31.5413118824574,3.09173041931964e-09,0.500000000772933
"n1k_p50",1000,3,50,2003,"s3",1,5,186,101,24,13,29,0.214203539168707,46.7965702399852,1.28102402101329e+100,30.407986882605,20.2876840663436,1.54586213215422e-09
"n1k_p50",1000,3,50,2003,"s3",1,6,186,101,24,13,29,0.0992388678098281,23.5006315822424,1.34555284897085e+59,27.6802284505229,1.09861256369683,0.750000051567882
"n1k_p50",1000,3,50,2003,"s3",1,7,186,101,24,13,29,0.0594234204708008,48.6243557433548,2.11503926001091e+87,30.6144254984203,0.588655763759201,0.623010600359262
"n1k_p50",1000,3,50,2003,"s3",1,8,188,102,22,12,29,0.157185583522412,23.5864526952368,5.1851649033303e+49,25.5269641756265,19.2313023565165,4.44581620812436e-09
"n1k_p50",1000,3,50,2003,"s3",1,9,188,102,22,12,29,0.0784716154414952,35.3198755558915,7.63670352999868e+98,41.1349131876629,9.76615823346085,5.73570041403688e-05
"n1k_p50",1000,3,50,2003,"s3",1,10,188,102,22,12,29,0.117783035656383,19.0146937297356,2.66464296783646e+52,32.6182263832398,19.0837092732787,5.15288400299197e-09
"n2k_p20",2000,3,20,2001,"s1",1,2,336,159,43,20,58,0.395430964477321,0.712581652906933,3.98932953698748,16.3343224360378,0.499373377413024,0.492166263620209
"n2k_p20",2000,3,20,2001,"s1",1,3,336,159,43,20,57,0.34294475112683,0.60167228042842,3.20738738908106,15.0127583012571,0.44575962406352,0.602725264548176
"n2k_p20",2000,3,20,2001,"s1",1,4,337,159,42,20,57,0.394993808240869,0.605812143619447,4.4152068503497,13.3246256837688,0.489977180069217,0.515979965636097
"n2k_p20",2000,3,20,2001,"s1",1,5,337,159,42,20,57,0.447576593458291,0.757288382165782,1.44772880542539,12.0761636006333,0.603187342018929,0.353614819153146
"n2k_p20",2000,3,20,2001,"s1",1,6,337,159,42,20,57,0.331652258196896,0.564309218711873,4.40253236460352,7.49876243255954,2.09597771932552,0.888464674402454
"n2k_p20",2000,3,20,2001,"s1",1,7,337,159,42,20,57,0.317095957658074,0.787376987480027,4.49305993595023,12.1160001113134,0.352885088905976,0.590350088270608
"n2k_p20",2000,3,20,2001,"s1",1,8,337,159,42,20,56,0.428138562927523,0.743760366331763,7.53246482324723,10.3234442240753,1.26461419803163,0.779819393526936
"n2k_p20",2000,3,20,2001,"s1",1,9,337,159,42,20,56,0.317095957658074,0.77700922037704,1.26110557087599,19.8671324842572,0.449201229226672,0.610449302265761
"n2k_p20",2000,3,20,2001,"s1",1,10,338,160,41,19,56,0.32594724128569,0.462562629725261,10.10062454,14.7329004408561,0.702198898822268,0.625731438986885
"n2k_p20",2000,3,20,2001,"s2",1,2,464,264,60,34,58,0.638052890815591,0.653877738466139,11.3997096006599,6.11466708222157,2.12668934410881,0.704272865991614
"n2k_p20",2000,3,20,2001,"s2",1,3,466,265,58,33,57,0.604309146972194,0.689254252949835,20.1809201240375,8.04837929510494,1.08390677800548,0.329327983421583
"n2k_p20",2000,3,20,2001,"s2",1,4,466,265,58,33,57,0.754068131950782,0.62398109037829,121.270234777861,6.93683486805663,1.02257049877295,0.486921085430719
"n2k_p20",2000,3,20,2001,"s2",1,5,466,265,58,33,57,0.659277216700933,0.683612115875413,5.8273099626354,6.82781605903716,0.498645519345062,0.622140970462399
"n2k_p20",2000,3,20,2001,"s2",1,6,466,265,58,33,57,0.79054796414808,0.717187839146436,44.773645612396,8.28822628955508,0.59513374690168,0.644542196724056
"n2k_p20",2000,3,20,2001,"s2",1,7,466,265,58,33,57,0.666171711321787,0.600202717503515,25.0642911959592,16.045199395364,0.841066453576082,0.698689775901501
"n2k_p20",2000,3,20,2001,"s2",1,8,466,265,58,33,56,0.572869342308771,0.739750286295034,21.0180466998808,11.4673747910046,2.08349123642987,0.614870744177631
"n2k_p20",2000,3,20,2001,"s2",1,9,466,265,58,33,56,0.750562094744661,0.663460469900654,41.8885225848165,10.4786728605038,0.20958041579503,0.447795840720817
"n2k_p20",2000,3,20,2001,"s2",1,10,466,265,58,33,56,0.639368872759919,0.769189949145916,75.0034936927451,11.5746128678446,0.656618250399386,0.435319484007884
"n2k_p20",2000,3,20,2001,"s3",1,2,339,158,43,20,58,0.424567542458682,0.710861134099279,2.38372928531505,6.69934616305262,0.380246185771759,0.404709411018751
"n2k_p20",2000,3,20,2001,"s3",1,3,339,158,43,20,57,0.301526785627917,0.621256354933041,3.5366314405831,7.86446178129625,0.280914866139859,0.569770501276538
"n2k_p20",2000,3,20,2001,"s3",1,4,339,158,43,20,57,0.330782112311357,0.634070116580102,5.80895988677311,10.1620253216931,0.317057435064776,0.579065235758644
"n2k_p20",2000,3,20,2001,"s3",1,5,339,158,43,20,57,0.366592615790786,0.806562253054027,3.50343377587048,15.6243315791784,1.64928861472431,0.494868328954395
"n2k_p20",2000,3,20,2001,"s3",1,6,339,158,43,20,57,0.324795596466297,0.596622468360761,6.01879468190114,9.44787989852751,1.53505181551748,0.822744253123542
"n2k_p20",2000,3,20,2001,"s3",1,7,339,158,43,20,57,0.177681177237453,0.65621623425658,3.56745361415817,13.0086037777291,0.112346117498774,0.471942974915481
"n2k_p20",2000,3,20,2001,"s3",1,8,340,158,42,20,56,0.3458407034279,0.707203716172197,7.09366491915115,12.0256725817195,1.31095653895402,0.458309215329582
"n2k_p20",2000,3,20,2001,"s3",1,9,341,159,41,19,56,0.196643138592441,0.768470215042116,1.0408258267026,8.80907764876723,0.0974013923111792,0.524331115281092
"n2k_p20",2000,3,20,2001,"s3",1,10,341,159,41,19,56,0.240141127682781,0.493941028316805,5.10538564380504,21.6808965739925,0.297803867013092,0.456373626262186
"n2k_p20",2000,3,20,2002,"s1",1,2,358,174,45,22,57,0.251390948826667,0.74860674441182,7.32650457128026,9.23135115368123,0.494090868926932,0.440093352436511
"n2k_p20",2000,3,20,2002,"s1",1,3,358,174,45,22,57,0.247218951434992,0.689033658611839,2.9307381849469,13.6666731514936,0.540085892961853,0.397252844361173
"n2k_p20",2000,3,20,2002,"s1",1,4,358,174,45,22,56,0.698133260205846,0.622968572270558,4.68338226468373,14.9076867694952,0.673027775972695,0.662180797017174
"n2k_p20",2000,3,20,2002,"s1",1,5,358,174,45,22,56,0.092018898720252,0.671273953901003,3.23672141552174,11.2569214035478,0.824802845861271,0.375419053772971
"n2k_p20",2000,3,20,2002,"s1",1,6,358,174,45,22,56,0.530037323660593,0.606410535993217,10.0168922008437,9.34595290350182,1.40868351383747,0.196297478797489
"n2k_p20",2000,3,20,2002,"s1",1,7,358,174,45,22,56,0.401575814436196,0.815671244704921,5.6433041199931,12.0282496212967,0.740251264764898,0.619799500365052
"n2k_p20",2000,3,20,2002,"s1",1,8,358,174,45,22,56,0.466619221928836,0.636394767638227,11.1782046935756,10.1974064604554,0.722630311619587,0.673185966436228
"n2k_p20",2000,3,20,2002,"s1",1,9,359,175,44,21,56,0.339345232047533,0.703629812589598,4.9938756352431,6.80222594089347,0.460906294627165,0.613229152382785
"n2k_p20",2000,3,20,2002,"s1",1,10,359,175,44,21,56,0.209222752885998,0.585151852551473,3.3065253110879,9.47212811539271,3.31827525175313,0.394729851680308
"n2k_p20",2000,3,20,2002,"s2",1,2,447,262,57,33,57,0.554122824776475,0.637961698777679,10.1787006597952,5.07638049505302,0.638633647754439,0.654444529539472
"n2k_p20",2000,3,20,2002,"s2",1,3,447,262,57,33,57,0.596544528368062,0.647849610183639,7.10617135637264,6.15120101816,0.523689562040098,0.599083967031509
"n2k_p20",2000,3,20,2002,"s2",1,4,448,262,56,33,56,0.62729847970307,0.597997904330031,9.11050330531252,10.2488744611033,2.38798394726316,0.639707613593218
"n2k_p20",2000,3,20,2002,"s2",1,5,448,262,56,33,56,0.699165086435358,0.73574411643476,103.9362930333,9.57215169250407,2.15850869526458,0.590897446576569
"n2k_p20",2000,3,20,2002,"s2",1,6,448,262,56,33,56,0.588085306686837,0.657656521630647,28.9389464477262,11.0801362809377,0.96103816512964,0.723329614924095
"n2k_p20",2000,3,20,2002,"s2",1,7,448,262,56,33,56,1.06057041469197,0.536574136872621,9.24194681001732,5.11715033191569,0.433013019947156,0.6227523595785
"n2k_p20",2000,3,20,2002,"s2",1,8,448,262,56,33,56,0.680644442277075,0.524886950536386,10.5520129128525,3.75586480803948,0.0571321513574961,0.514214207317844
"n2k_p20",2000,3,20,2002,"s2",1,9,449,263,55,32,56,0.571242226430074,0.620966723053426,30.6817089606677,5.89272888127214,0.432997998371301,0.606589335065183
"n2k_p20",2000,3,20,2002,"s2",1,10,449,263,55,32,56,0.589233876190925,0.593026834739981,23.0140002611501,9.33058912672868,0.503149907329434,0.349641950071656
"n2k_p20",2000,3,20,2002,"s3",1,2,338,160,44,21,57,0.199199443595119,0.746329528945521,1.74762363711949,3.1623392844662,4.45571070898483,0.483644275371376
"n2k_p20",2000,3,20,2002,"s3",1,3,339,161,43,20,57,0.062131781107006,0.697895903825722,2.85934745256681,9.64080488264907,0.0541381943689191,0.513079192627697
"n2k_p20",2000,3,20,2002,"s3",1,4,339,161,43,20,56,0.533317531608847,0.61541338973784,4.22351723233102,12.3381632187962,1.07443193343951,0.499975147361111
"n2k_p20",2000,3,20,2002,"s3",1,5,340,161,42,20,56,0.289029257282221,0.578973598411601,6.76427281205078,16.5806503012512,1.10088415739554,0.276291444914141
"n2k_p20",2000,3,20,2002,"s3",1,6,340,161,42,20,56,0.463270791921914,0.675437331001713,23.0197120016325,11.9350328700937,1.41451816284285,0.687658750005197
"n2k_p20",2000,3,20,2002,"s3",1,7,340,161,42,20,56,0.549913201405192,0.768211400286762,16.3537084699625,9.64564837432105,0.336420374594866,0.449466371730378
"n2k_p20",2000,3,20,2002,"s3",1,8,340,161,42,20,56,0.0621317811070064,0.656402946633154,6.31445149846033,11.6024661189925,5.23122551121552,0.369222816767637
"n2k_p20",2000,3,20,2002,"s3",1,9,340,161,42,20,56,0.0870113769896297,0.709031208549218,3.56784558968901,9.10079819008163,0.829756874983609,0.510163978768376
"n2k_p20",2000,3,20,2002,"s3",1,10,340,161,42,20,56,0.308531852026643,0.610281237218081,3.25420241935233,12.6725142900887,0.15185227402175,0.46210971322855
"n2k_p20",2000,3,20,2003,"s3",1,2,344,160,44,20,58,0.429041784324349,0.769391444977372,9.70972485117807,12.7343128234468,1.44680738665118,0.597979271245447
"n2k_p20",2000,3,20,2003,"s3",1,3,345,160,43,20,58,0.466002437034116,0.839630614056426,97.6027323412547,4.78449172816264,1.50792267661598,0.485139086572902
"n2k_p20",2000,3,20,2003,"s3",1,4,345,160,43,20,58,0.387701079792211,0.525860920458733,7.36537955692874,14.8093571226147,0.00354218905664185,0.50088655872012
"n2k_p20",2000,3,20,2003,"s3",1,5,345,160,43,20,58,0.678431382408759,0.739275597113553,3.2685828862482,7.80621968079615,0.0203371717141118,0.505126294926916
"n2k_p20",2000,3,20,2003,"s3",1,6,345,160,43,20,57,0.360253161596988,0.740663102300805,2.20760226559519,5.04877809197434,1.42613650954523,0.588627620023444
"n2k_p20",2000,3,20,2003,"s3",1,7,345,160,43,20,57,0.291887791675541,0.643415425703448,1.84650596502025,3.46500365751602,0.136338546708371,0.466122880239779
"n2k_p20",2000,3,20,2003,"s3",1,8,345,160,43,20,56,0.398305790668052,0.640307075654337,4.05590809412617,10.5436573499603,0.914270682467644,0.713873280915945
"n2k_p20",2000,3,20,2003,"s3",1,9,345,160,43,20,56,0.434273364986545,0.588885590445172,3.98013960654693,5.66704502509115,0.863566194297491,0.701930037414162
"n2k_p20",2000,3,20,2003,"s3",1,10,345,160,43,20,56,0.426819403046446,0.762035222410795,3.88118349110732,4.18130583124116,0.189181376742385,0.547154790439174
"n2k_p20",2000,3,20,2003,"s1",1,2,371,173,47,22,58,0.369093739594424,0.803264499689958,1.59380963211408,5.34762745364792,0.117225262630045,0.529272801675818
"n2k_p20",2000,3,20,2003,"s1",1,3,371,173,47,22,58,0.3147107448397,0.735001674101629,14.1362268533911,10.288559282868,2.10211624025286,0.641698388459776
"n2k_p20",2000,3,20,2003,"s1",1,4,371,173,47,22,58,0.412364468891543,0.771134720849879,3.99619893079825,6.50380225711506,1.03594217177927,0.733240535775377
"n2k_p20",2000,3,20,2003,"s1",1,5,371,173,47,22,58,0.46521584750979,0.702788959115285,3.10668581237832,9.61683028626598,0.689824018209759,0.327076566228106
"n2k_p20",2000,3,20,2003,"s1",1,6,371,173,47,22,57,0.336354682022807,0.773501486751236,6.32549620828876,7.52277101418468,0.891043768872916,0.708270895618465
"n2k_p20",2000,3,20,2003,"s1",1,7,371,173,47,22,57,0.3147107448397,0.567966486848298,7.29365290709281,8.49413143574405,1.81449059876828,0.859903728409272
"n2k_p20",2000,3,20,2003,"s1",1,8,372,174,46,21,56,0.409788646000973,0.608614599736914,4.32581440519051,10.8704964149827,0.137449868248122,0.534807966198002
"n2k_p20",2000,3,20,2003,"s1",1,9,373,174,45,21,56,0.291581515151266,0.584464407965088,2.51760983964361,10.9431386946434,1.38506173483144,0.799802706862216
"n2k_p20",2000,3,20,2003,"s1",1,10,373,174,45,21,56,0.418864046320133,0.73434718610874,1.81505337976369,9.01084518456457,0.442518431758558,0.535116218322766
"n2k_p20",2000,3,20,2003,"s2",1,2,422,250,54,32,58,0.675966861200432,0.608684411374161,3.20881400544995,6.81291668349269,0.508280062554031,0.440286946855494
"n2k_p20",2000,3,20,2003,"s2",1,3,422,250,54,32,58,0.584243506172802,0.553794296644383,7.82733925753981,8.01125549735852,0.621031944570201,0.650369204300642
"n2k_p20",2000,3,20,2003,"s2",1,4,422,250,54,32,58,0.597303488073055,0.777444738612448,1080.90519427301,10.5841319041049,0.65251953241856,0.658972932972315
"n2k_p20",2000,3,20,2003,"s2",1,5,423,251,53,31,58,0.520997629650025,0.576287492483248,9.05806380816415,17.6980018919894,1.55211062094076,0.825218362050915
"n2k_p20",2000,3,20,2003,"s2",1,6,423,251,53,31,57,0.63035264919947,0.59938938890837,8.3999479699069,2.9934682832687,0.874537071468764,0.472798050170621
"n2k_p20",2000,3,20,2003,"s2",1,7,424,251,52,31,57,0.479635350354618,0.865064477574867,53.3351040157169,10.207675505285,1.51334751807732,0.784719490324051
"n2k_p20",2000,3,20,2003,"s2",1,8,424,251,52,31,56,0.533321119675447,0.925736360117906,21.5478778394319,3.5293628318195,0.880229085705785,0.706869691030847
"n2k_p20",2000,3,20,2003,"s2",1,9,424,251,52,31,56,0.701197592351349,0.575996184569353,84.4721202459159,8.05727205381475,0.6695639303473,0.444924899257317
"n2k_p20",2000,3,20,2003,"s2",1,10,424,251,52,31,56,0.520930398774097,0.583506402606763,8.65372791219171,12.314797766856,1.8031149363361,0.759539303297495
"n5k_p10",5000,3,10,2001,"s1",1,2,865,441,109,56,143,0.361831071771654,0.682068374440094,1.00828308841863,0.902074290513375,0.162907926474518,0.540868562706972
"n5k_p10",5000,3,10,2001,"s1",1,3,865,441,109,56,143,0.383932985661644,0.673814018719513,0.856975801496283,0.757239042258732,0.665975302443066,0.660601377146202
"n5k_p10",5000,3,10,2001,"s1",1,4,866,442,108,55,143,0.365231364536968,0.711351874546121,0.960265188428663,0.69571373428014,0.53350523807889,0.621713243993193
"n5k_p10",5000,3,10,2001,"s1",1,5,866,442,108,55,143,0.445606255869071,0.680240803924947,1.15047581797416,0.723365298858855,0.213605021521137,0.551542502133993
"n5k_p10",5000,3,10,2001,"s1",1,6,866,442,108,55,143,0.393717779659945,0.649926290370545,1.06522000864082,0.732617413214967,0.161501211150047,0.459712226797305
"n5k_p10",5000,3,10,2001,"s1",1,7,866,442,108,55,142,0.420125829264774,0.658071860917586,1.84237174945581,0.714769735036787,0.669625660578219,0.584180590183883
"n5k_p10",5000,3,10,2001,"s1",1,8,866,442,108,55,142,0.380374626062012,0.655710493946398,1.61635862594624,0.747456878228211,0.0420591289170376,0.489471270506073
"n5k_p10",5000,3,10,2001,"s1",1,9,866,442,108,55,141,0.534330619959567,0.683501506422437,0.918026976378257,0.848752039157662,0.301004268812259,0.575685365423635
"n5k_p10",5000,3,10,2001,"s1",1,10,866,442,108,55,141,0.354641294909325,0.667396267815968,1.05618429166988,0.672894892844944,0.834573625920709,0.697321129590698
"n5k_p10",5000,3,10,2001,"s2",1,2,1106,662,139,83,143,0.502390716902453,0.672043733446585,21.4754596301276,0.688456938755818,0.798766865260725,0.677909046134231
"n5k_p10",5000,3,10,2001,"s2",1,3,1106,662,139,83,143,0.51892424378396,0.752624371880018,23.3559134984262,1.01056087503587,0.605762708264301,0.639590730867927
"n5k_p10",5000,3,10,2001,"s2",1,4,1106,662,139,83,143,0.566331900887596,0.670112929742825,13.3625679511275,0.846226869469743,0.487422141246922,0.543592490676249
"n5k_p10",5000,3,10,2001,"s2",1,5,1106,662,139,83,143,0.512851691261738,0.706525447561346,14.4343578431726,0.948778782782176,0.848921424036278,0.640024477242762
"n5k_p10",5000,3,10,2001,"s2",1,6,1106,662,139,83,143,0.580794221059151,0.733289483269054,306.493389421367,0.686794382294854,0.366448551003646,0.590426365467705
"n5k_p10",5000,3,10,2001,"s2",1,7,1107,662,138,83,142,0.646469135700866,0.636322826071339,36.7281649216344,0.776786998319417,0.575731344998491,0.636637683452133
"n5k_p10",5000,3,10,2001,"s2",1,8,1107,662,138,83,142,0.564359611740461,0.689767108679975,16.7371667415797,0.736433988488244,0.076011727745589,0.518827137917746
"n5k_p10",5000,3,10,2001,"s2",1,9,1108,663,137,82,141,0.574978656195999,0.667974431251548,12.1812380704571,0.717114527939372,0.738757655252064,0.583297203981279
"n5k_p10",5000,3,10,2001,"s2",1,10,1108,663,137,82,141,0.617263270063121,0.67930090747769,37.1844985794339,0.748029955442403,0.506555004946234,0.617424842640739
"n5k_p10",5000,3,10,2001,"s3",1,2,884,449,112,57,143,0.654800451932635,0.708602566319215,1.82365427471748,0.852488594445681,0.279792539150782,0.569495361414429
"n5k_p10",5000,3,10,2001,"s3",1,3,884,449,112,57,143,0.660190163267382,0.695428640225634,3.22295042323872,0.755520756550162,0.222625552860946,0.555912494444341
"n5k_p10",5000,3,10,2001,"s3",1,4,885,450,111,56,143,0.625113174265873,0.727008329404226,1.54547456353807,0.781685835486531,0.697177497431672,0.667561690221883
"n5k_p10",5000,3,10,2001,"s3",1,5,885,450,111,56,143,0.569460471664146,0.691478932094133,1.41016262417744,0.968792677644841,0.788988190095936,0.654501906357465
"n5k_p10",5000,3,10,2001,"s3",1,6,886,450,110,56,143,0.618818061228941,0.683425610404981,1.14470193715243,0.763620544477119,0.340538295690953,0.494759148134469
"n5k_p10",5000,3,10,2001,"s3",1,7,886,450,110,56,142,0.636835729848524,0.693666419916988,1.47527687550343,0.81593689175225,0.896694110731174,0.610482052131546
"n5k_p10",5000,3,10,2001,"s3",1,8,886,450,110,56,142,0.59075049275015,0.667276085232843,3.74613154122015,0.731689062290477,0.305190528941325,0.575710891810694
"n5k_p10",5000,3,10,2001,"s3",1,9,886,450,110,56,141,0.536559437445671,0.694415813223997,1.26904141219894,1.6333163149678,0.223280047250741,0.555589258000312
"n5k_p10",5000,3,10,2001,"s3",1,10,886,450,110,56,141,0.549442687214621,0.680794897511331,1.70276357346371,0.737981157696219,0.364332086910143,0.590088704149968
"n5k_p10",5000,3,10,2002,"s2",1,2,1069,613,134,77,145,0.646109555641751,0.686304322243705,19.3829863226322,0.753515172549453,0.746485851412468,0.628635177264134
"n5k_p10",5000,3,10,2002,"s2",1,3,1069,613,134,77,145,0.677609533944142,0.693325954140094,15.5696135167099,0.777362850596541,0.725413359087645,0.443334696257271
"n5k_p10",5000,3,10,2002,"s2",1,4,1069,613,134,77,145,0.709754315328201,0.703241227857685,12.9981002960352,0.643496436647787,0.182105303396543,0.545400928382902
"n5k_p10",5000,3,10,2002,"s2",1,5,1069,613,134,77,145,0.621713579811199,0.689569118959066,14.9568206744318,1.03227036871767,0.215844556528446,0.446247388468118
"n5k_p10",5000,3,10,2002,"s2",1,6,1069,613,134,77,145,0.574013407187976,0.692988068122609,8.48176771661187,0.835725391545156,0.980369018895887,0.576374764472279
"n5k_p10",5000,3,10,2002,"s2",1,7,1069,613,134,77,144,0.673973317507721,0.682882469737842,41.6140743011281,0.770025302273517,0.676281187258465,0.66030778606668
"n5k_p10",5000,3,10,2002,"s2",1,8,1070,614,133,76,144,0.669308971247901,0.691054107124261,9.56792969135487,0.757696168599123,0.280407695322703,0.569645802972069
"n5k_p10",5000,3,10,2002,"s2",1,9,1070,614,133,76,143,0.636524519698441,0.699013946979169,8.1930757353093,0.848922286364914,0.641811660524423,0.655162874047941
"n5k_p10",5000,3,10,2002,"s2",1,10,1070,614,133,76,143,0.644824348641966,0.682192945963746,38.1220875613421,0.83913722301944,0.709984781089276,0.657134602996582
"n5k_p10",5000,3,10,2002,"s1",1,2,926,448,116,56,145,0.561035160089132,0.738407647976507,0.876664974820251,0.755432014092396,0.862156440642768,0.669568933105825
"n5k_p10",5000,3,10,2002,"s1",1,3,926,448,116,56,145,0.613837468833484,0.744823957521019,0.837223001411122,0.885584110788367,0.340575208969205,0.584435517257758
"n5k_p10",5000,3,10,2002,"s1",1,4,926,448,116,56,145,0.60075263138712,0.739343227606502,1.09249712253092,0.782180584233869,0.960559822297023,0.673217332452029
"n5k_p10",5000,3,10,2002,"s1",1,5,926,448,116,56,145,0.707145986379632,0.751694304147592,0.902749130509132,0.756966311615257,0.27974016799121,0.566972295849801
"n5k_p10",5000,3,10,2002,"s1",1,6,926,448,116,56,145,0.635550586292534,0.741743603629808,1.11793638078835,0.800587338704656,0.899386042797242,0.710823317892421
"n5k_p10",5000,3,10,2002,"s1",1,7,926,448,116,56,144,0.607416576525919,0.735606051649542,1.43919739640608,0.855166154224552,0.490982721680758,0.612739566666258
"n5k_p10",5000,3,10,2002,"s1",1,8,926,448,116,56,144,0.646861020030872,0.742239218847313,0.998280816349564,0.872270498752207,0.318979114435966,0.57867559395458
"n5k_p10",5000,3,10,2002,"s1",1,9,927,448,115,56,143,0.632738097153439,0.761648481315839,0.76868645250313,0.818207487167604,0.819287752019363,0.694085128717904
"n5k_p10",5000,3,10,2002,"s1",1,10,927,448,115,56,143,0.590290896959017,0.730039679046607,0.837653637700542,0.88486949736853,0.525971388513236,0.597923019249442
"n5k_p10",5000,3,10,2002,"s3",1,2,846,418,107,53,145,0.642389107630857,0.694283187336982,1.09337172199687,0.802518379752746,0.745735760380395,0.51702161477137
"n5k_p10",5000,3,10,2002,"s3",1,3,846,418,107,53,145,0.765889571152107,0.702559751954182,0.985589805847132,0.793141504071688,0.693637459912682,0.661151639088986
"n5k_p10",5000,3,10,2002,"s3",1,4,846,418,107,53,145,0.762116807347414,0.685402073359417,1.60145368463099,0.740226127474638,0.934219407208215,0.678365917298997
"n5k_p10",5000,3,10,2002,"s3",1,5,847,419,106,52,145,0.664539572193704,0.694796719186681,1.02082510243372,1.02304396621879,0.0349639719289065,0.508058738087019
"n5k_p10",5000,3,10,2002,"s3",1,6,847,419,106,52,145,0.576220921687624,0.694001129998696,0.885964984036348,0.811047835445648,1.30574210403975,0.445323986867348
"n5k_p10",5000,3,10,2002,"s3",1,7,848,419,105,52,144,0.856463237328314,0.68340670691854,0.949057620495663,0.734416649501102,0.162894349496561,0.540633777104038
"n5k_p10",5000,3,10,2002,"s3",1,8,848,419,105,52,144,0.789157249182303,0.689679716706824,1.50760868472291,0.928677158807929,0.312835712052988,0.53671176169522
"n5k_p10",5000,3,10,2002,"s3",1,9,848,419,105,52,143,0.653261992433094,0.705219294055351,0.622709396419224,0.767713082845544,0.221286832201453,0.554502789538716
"n5k_p10",5000,3,10,2002,"s3",1,10,848,419,105,52,143,0.714688903278985,0.692272200192734,0.96006437631428,0.841696374586361,0.531967109567288,0.600010408552927
"n5k_p10",5000,3,10,2003,"s1",1,2,918,446,115,56,142,0.792059438952818,0.72579041592922,1.63394571153393,0.776090712590035,0.553723480124041,0.603354181906222
"n5k_p10",5000,3,10,2003,"s1",1,3,918,446,115,56,142,0.789763125316567,0.722566772307834,1.08770082249556,0.798866653605698,0.610586731317859,0.626167432213622
"n5k_p10",5000,3,10,2003,"s1",1,4,918,446,115,56,142,0.78678028252471,0.717135239509674,0.804419043399739,0.823198853249387,0.229498990412984,0.555322553167172
"n5k_p10",5000,3,10,2003,"s1",1,5,918,446,115,56,142,0.834802623691468,0.73938457080655,0.757675356503579,0.727753968043253,0.531637171545977,0.630407165462991
"n5k_p10",5000,3,10,2003,"s1",1,6,918,446,115,56,142,0.659322394907584,0.7275772714472,0.777515916283769,0.7171720788717,0.65626233053224,0.531556416226804
"n5k_p10",5000,3,10,2003,"s1",1,7,918,446,115,56,142,0.691397024858147,0.692978551731785,1.05034553498168,0.773915388660518,0.693216590765568,0.666682090978365
"n5k_p10",5000,3,10,2003,"s1",1,8,918,446,115,56,142,0.770825253055821,0.740821926130597,1.07485315103537,0.785301698296768,0.125008438159193,0.531445531027972
"n5k_p10",5000,3,10,2003,"s1",1,9,919,447,114,55,142,0.663792379138952,0.719705644075476,1.52125584214172,0.916163134930673,1.25645974085015,0.698501729402134
"n5k_p10",5000,3,10,2003,"s1",1,10,919,447,114,55,140,0.732892843983529,0.741289961360349,0.864987447067604,0.875761000298262,0.632945089423235,0.577159011047366
"n5k_p10",5000,3,10,2003,"s2",1,2,1053,619,133,78,142,0.68002586169976,0.642929769433749,29.1082493421348,0.784767637279891,1.19037904481496,0.634675645840396
"n5k_p10",5000,3,10,2003,"s2",1,3,1053,619,133,78,142,0.636856723282007,0.651137296565389,13.3900109203255,0.662215915778722,0.548916238503888,0.541973319377038
"n5k_p10",5000,3,10,2003,"s2",1,4,1053,619,133,78,142,0.681038753748135,0.635344604387431,44.4734180112282,0.825465242703718,0.245706429824725,0.438887524609924
"n5k_p10",5000,3,10,2003,"s2",1,5,1054,619,132,78,142,0.652328130673044,0.657718622328347,18.795459525239,0.805711790868211,0.515705751823822,0.523450586631813
"n5k_p10",5000,3,10,2003,"s2",1,6,1055,620,131,77,142,0.786398424793725,0.668427094318279,12.8166188281477,0.771630180047178,0.330842301389776,0.579858153061206
"n5k_p10",5000,3,10,2003,"s2",1,7,1055,620,131,77,142,0.662168349963335,0.617757035710705,17.5499576285092,0.686690605081144,1.95165617273161,0.503070551204351
"n5k_p10",5000,3,10,2003,"s2",1,8,1055,620,131,77,142,0.618073231024863,0.654416405363775,12.6777301562088,0.830147007279903,0.578498160554169,0.640721759934166
"n5k_p10",5000,3,10,2003,"s2",1,9,1055,620,131,77,142,0.666861828874398,0.646538684872765,4.8263547175173,0.678361194364236,0.459855784614282,0.612835227728501
"n5k_p10",5000,3,10,2003,"s2",1,10,1055,620,131,77,140,0.7011847035622,0.67007206917269,20.6670413450021,0.69423240247672,0.578749693617179,0.500147241899278
"n5k_p10",5000,3,10,2003,"s3",1,2,891,432,112,54,142,0.499041463825936,0.723869629938258,1.2831383999775,0.869970065393302,0.277231052135717,0.568867249164069
"n5k_p10",5000,3,10,2003,"s3",1,3,891,432,112,54,142,0.442978917010509,0.730098174357893,1.70709784796281,0.756801304575512,0.383018880180215,0.535359456376753
"n5k_p10",5000,3,10,2003,"s3",1,4,891,432,112,54,142,0.53314568441325,0.710462053318683,0.848742613239288,0.746984843970046,0.490912982910719,0.620321484189021
"n5k_p10",5000,3,10,2003,"s3",1,5,891,432,112,54,142,0.522286901981364,0.729985679209791,0.738865456327166,1.55089479618571,0.131706551380805,0.497611734507885
"n5k_p10",5000,3,10,2003,"s3",1,6,892,432,111,54,142,0.624375415478135,0.732223666965098,0.70831049103033,0.801565983012299,0.072984731544381,0.518238087761609
"n5k_p10",5000,3,10,2003,"s3",1,7,892,432,111,54,142,0.576444911003914,0.716137576759369,1.59206262445744,0.923398198994086,0.938181016498782,0.72010326813957
"n5k_p10",5000,3,10,2003,"s3",1,8,892,432,111,54,142,0.494173667478663,0.751620343444193,0.966252271242895,0.865586722694045,0.526685616595371,0.628709753474352
"n5k_p10",5000,3,10,2003,"s3",1,9,892,432,111,54,142,0.524764591096458,0.721550116724015,1.55267048232809,0.808721027907472,0.869614298941995,0.700358215746746
"n5k_p10",5000,3,10,2003,"s3",1,10,892,432,111,54,140,0.446498692626778,0.748538347994803,0.699815494730838,0.782100507486666,0.201977795626412,0.550323486103161
"n5k_p20",5000,3,20,2001,"s2",1,2,1053,621,133,78,146,0.522587331972789,0.58622996499573,7.76087072491988,2.7954628187592,0.845733648680931,0.638275868160635
"n5k_p20",5000,3,20,2001,"s2",1,3,1054,621,132,78,146,0.58100456935608,0.60374881374915,4.42976867103215,0.770805424977756,0.165354374549655,0.541244660238476
"n5k_p20",5000,3,20,2001,"s2",1,4,1054,621,132,78,145,0.551495917650679,0.609277010327548,14.3925034482904,0.800487655670946,0.143539982552557,0.464176491398663
"n5k_p20",5000,3,20,2001,"s2",1,5,1054,621,132,78,145,0.491041265088788,0.73003845147074,21.759526927946,0.830494798647757,0.338987307775877,0.584764404554625
"n5k_p20",5000,3,20,2001,"s2",1,6,1054,621,132,78,145,0.50664366447794,0.606430746366233,14.2165932291653,0.778098174964082,0.431637917389896,0.531740780082193
"n5k_p20",5000,3,20,2001,"s2",1,7,1054,621,132,78,144,0.455469359144331,0.669236728006902,22.0862356868408,0.799049781404137,0.785407176718905,0.654559581750292
"n5k_p20",5000,3,20,2001,"s2",1,8,1055,622,131,77,144,0.51691278786914,0.602620759124818,24.2144984292561,0.879442485492885,0.511289930102609,0.625108815480225
"n5k_p20",5000,3,20,2001,"s2",1,9,1055,622,131,77,144,0.505915661315267,0.609231827781867,11.3969814875406,1.01754622376439,0.138192198750573,0.534493173898694
"n5k_p20",5000,3,20,2001,"s2",1,10,1055,622,131,77,144,0.650062754987635,0.623468136834226,21.4904244433212,1.32497168377683,0.778728431796677,0.685405997194138
"n5k_p20",5000,3,20,2001,"s1",1,2,935,470,118,59,146,0.557645190008527,0.6669068927275,1.48442680329223,0.956834859133018,1.18084695316655,0.751038713028585
"n5k_p20",5000,3,20,2001,"s1",1,3,935,470,118,59,146,0.615685118470384,0.664737570020089,1.68864799518863,1.11454565300012,0.692721798922964,0.564797321672864
"n5k_p20",5000,3,20,2001,"s1",1,4,936,470,117,59,145,0.684564971759244,0.670793539403455,1.99803745542714,0.792403255713955,0.36819014527521,0.592804346547845
"n5k_p20",5000,3,20,2001,"s1",1,5,936,470,117,59,145,0.590430188992069,0.620575364259954,3.24473837954845,0.927036361546341,0.563200064739437,0.637192649709105
"n5k_p20",5000,3,20,2001,"s1",1,6,936,470,117,59,145,0.577329618080562,0.635123987170333,2.48205221031106,0.888447341996624,0.350691595541619,0.586654999023606
"n5k_p20",5000,3,20,2001,"s1",1,7,936,470,117,59,144,0.502714332077165,0.659207691305643,1.37662747833937,0.828265111635067,1.12071555234472,0.641167201294841
"n5k_p20",5000,3,20,2001,"s1",1,8,936,470,117,59,144,0.467266538110662,0.656508150992185,3.56923644292887,0.950627140558583,0.619254799128465,0.650049045303063
"n5k_p20",5000,3,20,2001,"s1",1,9,937,471,116,58,144,0.582831684831666,0.663107238792665,1.50240307717905,0.940751218684955,0.130799638508473,0.467402980958655
"n5k_p20",5000,3,20,2001,"s1",1,10,937,471,116,58,144,0.501293757715701,0.677786485187907,0.859942924096779,0.806693217120373,0.353056354247506,0.58784550136207
"n5k_p20",5000,3,20,2001,"s3",1,2,847,405,107,51,146,0.735469021371401,0.711824785283442,1.25283892680772,1.11322163791688,0.261352135536044,0.564968647569754
"n5k_p20",5000,3,20,2001,"s3",1,3,847,405,107,51,146,0.73764603132023,0.703045206889088,1.48237401450447,1.01340901877611,0.135542294394039,0.533833790726082
"n5k_p20",5000,3,20,2001,"s3",1,4,847,405,107,51,145,0.661407134668383,0.702053676144667,2.70499347848426,0.910749481124078,0.91220866368324,0.713451910950663
"n5k_p20",5000,3,20,2001,"s3",1,5,848,405,106,51,145,0.718910555944172,0.668115231479462,1.55217574725314,1.15458418502202,0.58210346803992,0.64155127054737
"n5k_p20",5000,3,20,2001,"s3",1,6,848,405,106,51,145,0.579639849759846,0.686662054023441,3.28038443047087,1.05281615481058,0.0278418640260539,0.50702692687823
"n5k_p20",5000,3,20,2001,"s3",1,7,848,405,106,51,144,0.65361164129402,0.708354170427108,1.16933271199378,1.05345457545389,0.357433109343436,0.500394356355134
"n5k_p20",5000,3,20,2001,"s3",1,8,849,406,105,50,144,0.633470861242484,0.700426694905484,2.27433833189235,1.1041032011635,0.386654906923008,0.596365880429693
"n5k_p20",5000,3,20,2001,"s3",1,9,849,406,105,50,144,0.674390625044795,0.71989948248925,1.02185845650193,1.5067052488668,0.414484172374303,0.529036404716179
"n5k_p20",5000,3,20,2001,"s3",1,10,849,406,105,50,144,0.593898717178253,0.718596178132716,1.08967723045998,1.0094798424504,0.446591382016604,0.52680744615273
"n5k_p20",5000,3,20,2002,"s3",1,2,900,420,113,53,142,0.705293802004098,0.778873774280102,2.51421362785287,0.828047599525553,0.801424721757112,0.585191885421429
"n5k_p20",5000,3,20,2002,"s3",1,3,900,420,113,53,141,0.716225791992572,0.778483305857314,1.72108734171559,1.06671306991989,0.415757711536561,0.570969242727159
"n5k_p20",5000,3,20,2002,"s3",1,4,900,420,113,53,141,0.62771802323663,0.750658011915097,1.57059267521398,1.1957992893669,0.0578235922763725,0.485548128440925
"n5k_p20",5000,3,20,2002,"s3",1,5,900,420,113,53,141,0.803827590316302,0.755019188987743,0.959326088967264,1.046712850011,0.534525203990118,0.630748701758507
"n5k_p20",5000,3,20,2002,"s3",1,6,900,420,113,53,141,0.730075433392784,0.809545975888848,1.38068729887863,0.931604171280821,0.679975421557179,0.658545313327344
"n5k_p20",5000,3,20,2002,"s3",1,7,901,421,112,52,141,0.749571064833232,0.788002978306216,1.39387437538852,0.872248114983059,0.428946277889372,0.607231102260916
"n5k_p20",5000,3,20,2002,"s3",1,8,901,421,112,52,141,0.598794119191127,0.745771686249211,2.62569626438673,0.950565935656133,0.517802461652846,0.584980521031188
"n5k_p20",5000,3,20,2002,"s3",1,9,901,421,112,52,140,0.85302284637204,0.77087054280087,2.23616435610248,0.986775528899163,0.658893047209101,0.656873547315897
"n5k_p20",5000,3,20,2002,"s3",1,10,901,421,112,52,140,0.773621951388221,0.739192032368965,1.98073656125302,0.755070733461431,0.647995971707398,0.637986409023713
"n5k_p20",5000,3,20,2002,"s1",1,2,903,449,114,57,142,0.71421371461457,0.666085046289815,2.25797560444361,1.45109338684622,0.709506349137788,0.479609158761226
"n5k_p20",5000,3,20,2002,"s1",1,3,903,449,114,57,141,0.387611625685634,0.701365133136903,1.15354099547299,0.876771832964302,0.418329444724216,0.603083431634333
"n5k_p20",5000,3,20,2002,"s1",1,4,904,450,113,56,141,0.61244612529181,0.678056656397674,3.14579181215408,1.04261659373887,0.345115233293119,0.582229036402213
"n5k_p20",5000,3,20,2002,"s1",1,5,904,450,113,56,141,0.551368336501476,0.680260428900103,1.37828052988497,0.804416271281937,0.453078834323676,0.611371004547464
"n5k_p20",5000,3,20,2002,"s1",1,6,904,450,113,56,141,0.563703279045732,0.706973121176981,1.28111730026234,1.11952480624958,0.109635114861251,0.527381357538094
"n5k_p20",5000,3,20,2002,"s1",1,7,904,450,113,56,141,0.383935281544083,0.707847032419506,1.25381251495022,1.19863754651864,1.35898531289903,0.795594734984225
"n5k_p20",5000,3,20,2002,"s1",1,8,904,450,113,56,141,0.457609768384083,0.676403268545567,1.48487481857321,1.40458595117931,0.641807293624187,0.613377047765475
"n5k_p20",5000,3,20,2002,"s1",1,9,905,450,112,56,140,0.53751506914158,0.686941340045967,1.44058433494415,0.7719577677179,0.0532507361206668,0.513309539089349
"n5k_p20",5000,3,20,2002,"s1",1,10,905,450,112,56,140,0.494995570003631,0.658332904927945,3.02346394432795,0.966843593374916,0.580047866102764,0.597460204582308
"n5k_p20",5000,3,20,2002,"s2",1,2,1065,599,134,75,142,0.610917333528207,0.674166626528175,13.1954373299342,1.3020633468581,0.293188374123264,0.572776519906899
"n5k_p20",5000,3,20,2002,"s2",1,3,1065,599,134,75,141,0.596977177981311,0.699041322998723,16.4386342877334,2.82137086947328,0.619922581104602,0.451156592188627
"n5k_p20",5000,3,20,2002,"s2",1,4,1065,599,134,75,141,0.63099769312011,0.741420936996959,36.1873128791941,1.01411078963922,0.701888915198218,0.6686064358534
"n5k_p20",5000,3,20,2002,"s2",1,5,1066,599,133,75,141,0.622601878858913,0.69676105208364,66.7899882815032,0.791078349873347,0.874908446504647,0.454661445751884
"n5k_p20",5000,3,20,2002,"s2",1,6,1066,599,133,75,141,0.544930251597223,0.735985498069306,10.7702226040885,0.919116186347894,1.04526873655879,0.516706422243723
"n5k_p20",5000,3,20,2002,"s2",1,7,1066,599,133,75,141,0.656382861951466,0.724432715689665,9.21065575290665,0.897322336362089,0.781074644517876,0.685911678207505
"n5k_p20",5000,3,20,2002,"s2",1,8,1066,599,133,75,141,0.632657557210485,0.674770058838308,18.3230775410284,2.32124826771502,0.683523283054012,0.664502275774803
"n5k_p20",5000,3,20,2002,"s2",1,9,1066,599,133,75,140,0.57855579927208,0.715024492500019,27.9573388132643,0.873876755487824,0.759613317678965,0.647034987737633
"n5k_p20",5000,3,20,2002,"s2",1,10,1067,600,132,74,140,0.591843202976585,0.672810297446534,36.6573267116327,1.03697509003146,0.494146786410886,0.619830035797669
"n5k_p20",5000,3,20,2003,"s2",1,2,1131,639,142,80,143,0.709086582792102,0.688269737231836,4.45438942951858,0.837055287022069,0.870522073628957,0.590563631961413
"n5k_p20",5000,3,20,2003,"s2",1,3,1131,639,142,80,143,0.66983301813426,0.688969571532849,19.9311126227146,0.705122223431776,0.400783843327311,0.59783974353388
"n5k_p20",5000,3,20,2003,"s2",1,4,1131,639,142,80,143,0.707162458809272,0.64090938257058,3.27140255743549,0.735133889448047,1.04708594850239,0.721043169069587
"n5k_p20",5000,3,20,2003,"s2",1,5,1131,639,142,80,143,0.690148525374699,0.705093190135364,18.3213773489293,0.667044902778811,0.207066390431729,0.551582423076135
"n5k_p20",5000,3,20,2003,"s2",1,6,1131,639,142,80,143,0.697427717302976,0.647806312111554,10.7490101084165,1.06069100142497,0.44851615945621,0.580333862601539
"n5k_p20",5000,3,20,2003,"s2",1,7,1132,639,141,80,142,0.673218028294811,0.661151019332379,21.4296721396393,1.21825350973819,0.757354779074694,0.677929137687446
"n5k_p20",5000,3,20,2003,"s2",1,8,1132,639,141,80,142,0.671388584557725,0.646084994355421,17.2317604069165,0.7767246220345,0.739641384246801,0.676917431870082
"n5k_p20",5000,3,20,2003,"s2",1,9,1132,639,141,80,142,0.74215633590888,0.729066164859904,72.4046841365815,0.907653768843985,0.817262250321151,0.533876646541652
"n5k_p20",5000,3,20,2003,"s2",1,10,1133,640,140,79,141,0.697469280784481,0.671525454245977,8.78083986257878,1.05367515468551,0.732599683267078,0.661359491430452
"n5k_p20",5000,3,20,2003,"s3",1,2,865,426,109,54,143,0.381213454544391,0.717075366350048,1.25147110706433,0.868411094545093,0.939473982216946,0.661147437192524
"n5k_p20",5000,3,20,2003,"s3",1,3,865,426,109,54,143,0.435367821714682,0.72986662994068,1.13899933956493,2.0095851065439,0.500609137977691,0.510965017224902
"n5k_p20",5000,3,20,2003,"s3",1,4,865,426,109,54,143,0.581555773985187,0.68099684654467,2.67186997772693,1.43822761137694,0.609579360105335,0.535014713834198
"n5k_p20",5000,3,20,2003,"s3",1,5,866,427,108,53,143,0.574515674485593,0.58831398041478,3.03143313422639,2.13054418811068,0.0837561750352827,0.520926811554754
"n5k_p20",5000,3,20,2003,"s3",1,6,866,427,108,53,143,0.446841000167811,0.679851590265073,1.49811262346071,0.781585963521277,0.982027283905317,0.727510288523561
"n5k_p20",5000,3,20,2003,"s3",1,7,866,427,108,53,142,0.49542724345147,0.715085726788067,1.79797176578685,1.25656512351544,0.509831924849853,0.626952791310652
"n5k_p20",5000,3,20,2003,"s3",1,8,866,427,108,53,142,0.432788393198091,0.676431426433273,3.00061361095691,1.15517965456989,0.214356771453571,0.446580413516535
"n5k_p20",5000,3,20,2003,"s3",1,9,866,427,108,53,142,0.541443210903367,0.642501884311508,2.04106265698117,0.804762430200349,0.246704769602785,0.561527910143566
"n5k_p20",5000,3,20,2003,"s3",1,10,867,427,107,53,141,0.399511922776187,0.707388831276749,1.84383532351096,1.11446911045824,0.984486696220134,0.718228257986624
"n5k_p20",5000,3,20,2003,"s1",1,2,859,427,109,54,143,0.370443056952812,0.684971135933724,3.4641566142639,0.827206689119495,0.751616121292908,0.550287511564538
"n5k_p20",5000,3,20,2003,"s1",1,3,860,427,108,54,143,0.40149379588222,0.703411886188879,1.27180336375413,0.976593190695966,0.436003350486948,0.448947222941813
"n5k_p20",5000,3,20,2003,"s1",1,4,860,427,108,54,143,0.396392345912239,0.657503273185916,1.94903559407451,0.795782187885746,0.70107978045114,0.668427129902489
"n5k_p20",5000,3,20,2003,"s1",1,5,860,427,108,54,143,0.431934863088467,0.569761789782948,2.81717601440278,0.944243300397848,0.206638948919114,0.551476697681962
"n5k_p20",5000,3,20,2003,"s1",1,6,861,428,107,53,143,0.404902065226317,0.658660160359858,1.44712291679199,1.0548890282115,0.542412474408291,0.632373442094547
"n5k_p20",5000,3,20,2003,"s1",1,7,861,428,107,53,142,0.406986066613964,0.689378290537605,1.52161253036319,2.71219729367243,0.493478500210266,0.620925535060187
"n5k_p20",5000,3,20,2003,"s1",1,8,861,428,107,53,142,0.467270457583594,0.65543339296018,2.29345189308787,1.2267233160465,0.233590363321841,0.558133495684206
"n5k_p20",5000,3,20,2003,"s1",1,9,861,428,107,53,142,0.429976664353515,0.64500532783252,3.03327242712122,0.938545666544252,0.466407516609059,0.614533112062886
"n5k_p20",5000,3,20,2003,"s1",1,10,861,428,107,53,141,0.428188448006311,0.693713134118408,1.13617439403628,1.11913029293447,0.103813297277719,0.525930040730232
