"tag","n","K","p","seed","source","n_calib_arm","ratio_p_over_calib_arm","mu_pred_ts_min","mu_pred_ts_max","mu_pred_ts_spread","mu_pred_ts_sd","gamma_cal_abs_max","w_exp_max"
"n1k_p10",1000,3,10,2001,"s1",12,0.833333333333333,0.569346433334519,0.9025831523413,0.333236719006781,0.113208744167716,18.0511899355558,17.77679810527
"n1k_p10",1000,3,10,2001,"s2",16,0.625,0.295552730759685,0.797824442462322,0.502271711702637,0.201000186222382,18.5226556210911,240.652261163825
"n1k_p10",1000,3,10,2001,"s3",11,0.909090909090909,0.24066617937049,0.892010417252918,0.651344237882428,0.242089081760899,17.0791026498863,12.8508767752477
"n1k_p10",1000,3,10,2002,"s1",12,0.833333333333333,0.227841675992611,0.691535452512097,0.463693776519486,0.166283712342686,16.5980467473905,214.214093843589
"n1k_p10",1000,3,10,2002,"s2",16,0.625,0.31376954829082,0.810928978912856,0.497159430622036,0.145637891997718,20.6589304021278,481.528122098564
"n1k_p10",1000,3,10,2002,"s3",12,0.833333333333333,0.20081297473543,0.919374799336671,0.718561824601241,0.233746754783719,20.2347599381388,169.423622745583
"n1k_p10",1000,3,10,2003,"s1",11,0.909090909090909,0.216099183995772,0.853208408804984,0.637109224809212,0.22570972797948,19.8699887001631,5.88569948478476
"n1k_p10",1000,3,10,2003,"s2",15,0.666666666666667,0.0661866259399158,0.928367453309169,0.862180827369253,0.263816612382333,17.1238066498961,58.1117402495751
"n1k_p10",1000,3,10,2003,"s3",11,0.909090909090909,0.0971062659803302,0.772709792060148,0.675603526079818,0.209686309321602,16.9914533322305,42.2953326493915
"n1k_p20",1000,3,20,2001,"s1",11,1.81818181818182,0.151469619272088,0.96114283859643,0.809673219324342,0.238746960935992,24.7242451153951,642731979187407
"n1k_p20",1000,3,20,2001,"s2",17,1.17647058823529,0.202157040990212,0.776890929585942,0.57473388859573,0.192377443730723,20.5820589375111,439140.13051327
"n1k_p20",1000,3,20,2001,"s3",10,2,0.165141690598972,0.999973585003364,0.834831894404392,0.292840215613586,29.7408622162861,5.08553699621663e+31
"n1k_p20",1000,3,20,2002,"s1",11,1.81818181818182,0.0930835043643048,0.995852866743909,0.902769362379604,0.32214032908934,31.5427374300835,1.23793265665519e+53
"n1k_p20",1000,3,20,2002,"s2",18,1.11111111111111,0.393066438476479,0.99991328505034,0.606846846573861,0.1966872040219,30.116482650659,4599198581584.94
"n1k_p20",1000,3,20,2002,"s3",10,2,0.00077679855784458,0.999999229010321,0.999222430452476,0.335594671746567,23.1333868815911,9.22514172498494e+43
"n1k_p20",1000,3,20,2003,"s1",13,1.53846153846154,0.28067239986795,0.956200311859424,0.675527911991474,0.261860491498279,22.2337853483391,52824131.8834652
"n1k_p20",1000,3,20,2003,"s2",15,1.33333333333333,0.0622645610093523,0.999999972586913,0.93773541157756,0.324755820739219,26.9905659528756,1.78102971516245e+61
"n1k_p20",1000,3,20,2003,"s3",11,1.81818181818182,0.280241880962898,0.999999997334125,0.719758116371227,0.287504233423305,31.8666096111799,1.85948943517701e+52
"n1k_p50",1000,3,50,2001,"s1",12,4.16666666666667,0.0577511303477458,0.999999998072204,0.942248867724458,0.379046205532126,30.5840352877716,5.65753383298324e+99
"n1k_p50",1000,3,50,2001,"s2",16,3.125,0.500000000343526,0.999999995877694,0.499999995534168,0.190142889404508,29.8484385592987,3.50733226184946e+173
"n1k_p50",1000,3,50,2001,"s3",10,5,0.333494861131553,0.999999998625899,0.666505137494346,0.22089056079205,34.8975775691545,3.322725820682e+148
"n1k_p50",1000,3,50,2002,"s1",13,3.84615384615385,0.309053383662795,0.999999997942489,0.690946614279694,0.263869394437469,31.835649708879,2.93568801146759e+135
"n1k_p50",1000,3,50,2002,"s2",14,3.57142857142857,0.102554461643036,0.982649476456113,0.880095014813077,0.293189473912505,31.1353648784509,4.57795787840232e+92
"n1k_p50",1000,3,50,2002,"s3",11,4.54545454545455,0.279871680983211,0.910635905072641,0.63076422408943,0.22046865053519,37.8450186100489,1.09614804839286e+154
"n1k_p50",1000,3,50,2003,"s1",12,4.16666666666667,1.03057678785333e-08,0.832050795741511,0.832050785435743,0.298798424246037,35.2734832208571,8.7229041158665e+186
"n1k_p50",1000,3,50,2003,"s2",14,3.57142857142857,1.13363447832164e-08,0.999999997938847,0.999999986602502,0.392930843782316,29.9478001767728,2.3744763292517e+121
"n1k_p50",1000,3,50,2003,"s3",13,3.84615384615385,1.54586213215422e-09,0.985457807492123,0.985457805946261,0.413229291651165,41.1349131876629,1.28102402101329e+100
"n2k_p20",2000,3,20,2001,"s1",20,1,0.353614819153146,0.888464674402454,0.534849855249308,0.156293444582303,19.8671324842572,10.10062454
"n2k_p20",2000,3,20,2001,"s2",34,0.588235294117647,0.329327983421583,0.704272865991614,0.374944882570031,0.13247847912464,16.045199395364,121.270234777861
"n2k_p20",2000,3,20,2001,"s3",20,1,0.404709411018751,0.822744253123542,0.418034842104791,0.122763549441878,21.6808965739925,7.09366491915115
"n2k_p20",2000,3,20,2002,"s1",22,0.909090909090909,0.196297478797489,0.673185966436228,0.476888487638739,0.163797463473759,14.9076867694952,11.1782046935756
"n2k_p20",2000,3,20,2002,"s2",33,0.606060606060606,0.349641950071656,0.723329614924095,0.373687664852439,0.105675071110549,11.0801362809377,103.9362930333
"n2k_p20",2000,3,20,2002,"s3",21,0.952380952380952,0.276291444914141,0.687658750005197,0.411367305091056,0.111825759861919,16.5806503012512,23.0197120016325
"n2k_p20",2000,3,20,2003,"s1",22,0.909090909090909,0.327076566228106,0.859903728409272,0.532827162181166,0.165296489230474,10.9431386946434,14.1362268533911
"n2k_p20",2000,3,20,2003,"s2",32,0.625,0.440286946855494,0.825218362050915,0.384931415195421,0.150143610878429,17.6980018919894,1080.90519427301
"n2k_p20",2000,3,20,2003,"s3",20,1,0.466122880239779,0.713873280915945,0.247750400676166,0.0912923079109347,14.8093571226147,97.6027323412547
"n5k_p10",5000,3,10,2001,"s1",56,0.178571428571429,0.459712226797305,0.697321129590698,0.237608902793393,0.0765461043170372,0.902074290513375,1.84237174945581
"n5k_p10",5000,3,10,2001,"s2",83,0.120481927710843,0.518827137917746,0.677909046134231,0.159081908216485,0.0509577028740436,1.01056087503587,306.493389421367
"n5k_p10",5000,3,10,2001,"s3",57,0.175438596491228,0.494759148134469,0.667561690221883,0.172802542087414,0.0530261030421137,1.6333163149678,3.74613154122015
"n5k_p10",5000,3,10,2002,"s1",56,0.178571428571429,0.566972295849801,0.710823317892421,0.14385102204262,0.0548231586734823,0.885584110788367,1.43919739640608
"n5k_p10",5000,3,10,2002,"s2",77,0.12987012987013,0.443334696257271,0.66030778606668,0.216973089809409,0.0852497426460135,1.03227036871767,41.6140743011281
"n5k_p10",5000,3,10,2002,"s3",53,0.188679245283019,0.445323986867348,0.678365917298997,0.233041930431649,0.0745703201645447,1.02304396621879,1.60145368463099
"n5k_p10",5000,3,10,2003,"s1",56,0.178571428571429,0.531445531027972,0.698501729402134,0.167056198374162,0.0587628324332887,0.916163134930673,1.63394571153393
"n5k_p10",5000,3,10,2003,"s2",78,0.128205128205128,0.438887524609924,0.640721759934166,0.201834235324243,0.068893212662093,0.830147007279903,44.4734180112282
"n5k_p10",5000,3,10,2003,"s3",54,0.185185185185185,0.497611734507885,0.72010326813957,0.222491533631686,0.0791486883723221,1.55089479618571,1.70709784796281
"n5k_p20",5000,3,20,2001,"s1",59,0.338983050847458,0.467402980958655,0.751038713028585,0.28363573206993,0.0765684435750966,1.11454565300012,3.56923644292887
"n5k_p20",5000,3,20,2001,"s2",78,0.256410256410256,0.464176491398663,0.685405997194138,0.221229505795475,0.0718194654157013,2.7954628187592,24.2144984292561
"n5k_p20",5000,3,20,2001,"s3",51,0.392156862745098,0.500394356355134,0.713451910950663,0.21305755459553,0.0707550241580037,1.5067052488668,3.28038443047087
"n5k_p20",5000,3,20,2002,"s1",57,0.350877192982456,0.479609158761226,0.795594734984225,0.315985576222999,0.0905043380387687,1.45109338684622,3.14579181215408
"n5k_p20",5000,3,20,2002,"s2",75,0.266666666666667,0.451156592188627,0.685911678207505,0.234755086018878,0.0923592155626381,2.82137086947328,66.7899882815032
"n5k_p20",5000,3,20,2002,"s3",53,0.377358490566038,0.485548128440925,0.658545313327344,0.172997184886419,0.0541450293384264,1.1957992893669,2.62569626438673
"n5k_p20",5000,3,20,2003,"s1",54,0.37037037037037,0.448947222941813,0.668427129902489,0.219479906960675,0.0665547800426907,2.71219729367243,3.4641566142639
"n5k_p20",5000,3,20,2003,"s2",80,0.25,0.533876646541652,0.721043169069587,0.187166522527935,0.0647401817143406,1.21825350973819,72.4046841365815
"n5k_p20",5000,3,20,2003,"s3",54,0.37037037037037,0.446580413516535,0.727510288523561,0.280929875007026,0.0982342477399889,2.13054418811068,3.03143313422639
