"setting_tag","n_total","K","p","K_f","seed","source","n_calib_arm","ratio_p_over_calib_arm","mu_pred_ts_min","mu_pred_ts_max","mu_pred_ts_spread","mu_pred_ts_sd","gamma_cal_abs_max","w_exp_max"
"catastrophic_n1k_p20",1000,3,20,3,3001,"s1",35,0.571428571428571,0.721558409807186,0.936510194134336,0.21495178432715,0.151993864325876,6.84362961807889,1.68086179780463e+48
"catastrophic_n1k_p20",1000,3,20,3,3001,"s2",51,0.392156862745098,0.640516715236587,0.70369935885031,0.0631826436137227,0.0446768757525562,2.56649920631018,4.5804184034943e+39
"catastrophic_n1k_p20",1000,3,20,3,3001,"s3",37,0.540540540540541,0.460106024206325,0.543825590616868,0.0837195664105432,0.0591986731268926,2.59859322893493,9.01610900384822e+28
"catastrophic_n1k_p20",1000,3,20,3,3002,"s1",31,0.645161290322581,0.465415623026066,0.602725833856589,0.137310210830522,0.0970929812044167,6.2549247497198,3.19690370541998e+59
"catastrophic_n1k_p20",1000,3,20,3,3002,"s2",51,0.392156862745098,0.66479084782578,0.817861405125236,0.153070557299456,0.108237229066449,1.25442241048018,3.97883790659571e+33
"catastrophic_n1k_p20",1000,3,20,3,3002,"s3",38,0.526315789473684,0.57685261985645,0.717133179475353,0.140280559618903,0.0991933349751699,7.59041182384013,7.59105484894816e+63
"catastrophic_n1k_p20",1000,3,20,3,3003,"s1",30,0.666666666666667,0.304176243739003,0.387441896319325,0.0832656525803214,0.0588777075794684,7.80059369430488,9.43182024811187e+67
"catastrophic_n1k_p20",1000,3,20,3,3003,"s2",48,0.416666666666667,0.573035895445204,0.869005948840778,0.295970053395574,0.209282431784155,3.00266064140021,1.43287341733944e+48
"catastrophic_n1k_p20",1000,3,20,3,3003,"s3",44,0.454545454545455,0.812578702332533,0.834395873714552,0.0218171713820196,0.0154270698305351,2.62575484823441,2.28628667886503e+22
"catastrophic_n1k_p20",1000,3,20,5,3001,"s1",21,0.952380952380952,0.607544393416128,0.869031697043788,0.26148730362766,0.109388206743521,10.6581321432372,12516.6569652005
"catastrophic_n1k_p20",1000,3,20,5,3001,"s2",31,0.645161290322581,0.444886704842565,0.915401613460132,0.470514908617567,0.201034522225228,19.4961995372823,18701.0142358177
"catastrophic_n1k_p20",1000,3,20,5,3001,"s3",22,0.909090909090909,0.290564251814615,0.771341583599656,0.480777331785041,0.226408962710192,10.1438060385139,275.573939161551
"catastrophic_n1k_p20",1000,3,20,5,3002,"s1",19,1.05263157894737,0.00184838355750289,0.950392654902923,0.948544271345421,0.421613052752146,16.1121649497487,5533908.43878923
"catastrophic_n1k_p20",1000,3,20,5,3002,"s2",31,0.645161290322581,0.412344746080183,0.669022869118831,0.256678123038647,0.119542259737301,9.10585517057705,1223.55359002266
"catastrophic_n1k_p20",1000,3,20,5,3002,"s3",23,0.869565217391304,0.342787606120172,0.736368418246595,0.393580812126423,0.178462991208409,8.0101262707151,11631510069059305472
"catastrophic_n1k_p20",1000,3,20,5,3003,"s1",18,1.11111111111111,0.334542098514415,0.925934363050747,0.591392264536332,0.249286618362241,18.3925620885251,5.20124849150014e+39
"catastrophic_n1k_p20",1000,3,20,5,3003,"s2",29,0.689655172413793,0.463270777307755,0.980410062756901,0.517139285449146,0.216929712881218,13.7926526834828,2789730.91985252
"catastrophic_n1k_p20",1000,3,20,5,3003,"s3",27,0.740740740740741,0.606858895252206,0.988909180860815,0.382050285608609,0.166188648964381,9.98238331132491,2929.34231146244
"catastrophic_n1k_p20",1000,3,20,7,3001,"s1",15,1.33333333333333,0.181473496516876,0.895791342732162,0.714317846215286,0.294898973570877,22.3980633707278,205219844035296320
"catastrophic_n1k_p20",1000,3,20,7,3001,"s2",22,0.909090909090909,0.392734597064504,0.871935274937122,0.479200677872618,0.175562035605827,15.8280416153059,204022.74007282
"catastrophic_n1k_p20",1000,3,20,7,3001,"s3",16,1.25,0.49398544320681,0.997865559434362,0.503880116227553,0.193597945690226,18.689497762418,217248732480411
"catastrophic_n1k_p20",1000,3,20,7,3002,"s1",14,1.42857142857143,0.188695549469453,0.860036263705883,0.671340714236431,0.216643264193323,24.5747529606784,198.042365453244
"catastrophic_n1k_p20",1000,3,20,7,3002,"s2",22,0.909090909090909,0.30624470237138,0.976134518396086,0.669889816024706,0.279405578662222,11.9795857950252,3729.43272470858
"catastrophic_n1k_p20",1000,3,20,7,3002,"s3",17,1.17647058823529,0.333909500708938,0.886751717297931,0.552842216588993,0.20358979194528,15.8962238644127,1525.73193902933
"catastrophic_n1k_p20",1000,3,20,7,3003,"s1",13,1.53846153846154,4.2042609797411e-09,0.960518873799155,0.960518869594894,0.362221516500455,20.5743584229008,1.77576531707989e+36
"catastrophic_n1k_p20",1000,3,20,7,3003,"s2",21,0.952380952380952,0.39892574187267,0.854968298168481,0.45604255629581,0.173558432448224,19.0151172531325,67939061705.7408
"catastrophic_n1k_p20",1000,3,20,7,3003,"s3",19,1.05263157894737,0.458705143162242,0.644853946638103,0.186148803475861,0.0709571974197321,15.2475275447966,376.58165109627
"catastrophic_n1k_p20",1000,3,20,10,3001,"s1",11,1.81818181818182,0.308506941144852,0.878069016782743,0.569562075637891,0.171404263623237,24.8388238546599,756555345.060382
"catastrophic_n1k_p20",1000,3,20,10,3001,"s2",16,1.25,0.108058845724544,0.896566037247332,0.788507191522788,0.283357584218538,26.747156417649,824463196.875207
"catastrophic_n1k_p20",1000,3,20,10,3001,"s3",11,1.81818181818182,0.168484647033176,0.801618506555281,0.633133859522105,0.236736390345682,26.4590934305085,989.275036780457
"catastrophic_n1k_p20",1000,3,20,10,3002,"s1",10,2,0.00574835394813392,0.977069004174306,0.971320650226172,0.389517200843737,31.406262583832,16270855.9691541
"catastrophic_n1k_p20",1000,3,20,10,3002,"s2",16,1.25,0.203701289939511,0.94550714993183,0.741805859992319,0.226835866129369,23.2463694088936,24586.5065814354
"catastrophic_n1k_p20",1000,3,20,10,3002,"s3",12,1.66666666666667,0.319457313814392,0.999958095839546,0.680500782025155,0.201811768139682,20.2253235532061,36210779784873328
"catastrophic_n1k_p20",1000,3,20,10,3003,"s1",9,2.22222222222222,5.1420832974055e-06,0.99997914462669,0.999974002543393,0.366052721212723,29.2855570772553,1.05611165714967e+39
"catastrophic_n1k_p20",1000,3,20,10,3003,"s2",15,1.33333333333333,0.261771885051175,0.992857553275924,0.731085668224749,0.242876367929517,20.7481318722748,857712327707.401
"catastrophic_n1k_p20",1000,3,20,10,3003,"s3",14,1.42857142857143,0.397468906590507,0.998204494304237,0.60073558771373,0.210141418097246,27.0448856076638,443.143701151487
"production_n5k_p10",5000,3,10,3,3001,"s1",174,0.0574712643678161,0.554137424429425,0.606010376263092,0.0518729518336664,0.0366797160017486,0.801745540034061,0.88223670216234
"production_n5k_p10",5000,3,10,3,3001,"s2",255,0.0392156862745098,0.589163611875855,0.602266613408931,0.0131030015330756,0.00926522123793552,0.798773812153526,109.883482861796
"production_n5k_p10",5000,3,10,3,3001,"s3",175,0.0571428571428571,0.527224629150564,0.581862405473695,0.0546377763231309,0.0386347421470397,0.776126044094813,2.74821223262845
"production_n5k_p10",5000,3,10,3,3002,"s1",181,0.0552486187845304,0.529201051538332,0.673366712527217,0.144165660988885,0.101940516499482,0.799898285074594,1.21950624348623
"production_n5k_p10",5000,3,10,3,3002,"s2",243,0.0411522633744856,0.526559555600957,0.607208124709123,0.0806485691081653,0.0570271501093756,0.806237941732124,46.2291887242923
"production_n5k_p10",5000,3,10,3,3002,"s3",171,0.0584795321637427,0.588810528969971,0.619177878378906,0.0303673494089346,0.021472958693719,0.801062280885178,1.11428362646132
"production_n5k_p10",5000,3,10,3,3003,"s1",176,0.0568181818181818,0.538744245204428,0.648426171686443,0.109681926482015,0.0775568339890371,0.815079950137075,1.20435759104579
"production_n5k_p10",5000,3,10,3,3003,"s2",251,0.0398406374501992,0.565452729040121,0.620315275242368,0.0548625462022475,0.0387936784527695,0.842646042739715,92.4331392557621
"production_n5k_p10",5000,3,10,3,3003,"s3",175,0.0571428571428571,0.60384261598098,0.610394902777314,0.00655228679633346,0.00463316642596647,0.760448024809033,1.34418891829299
"production_n5k_p10",5000,3,10,5,3001,"s1",105,0.0952380952380952,0.526336547679341,0.614186688976577,0.0878501412972353,0.0449364396776925,0.831563902171582,0.987778478442165
"production_n5k_p10",5000,3,10,5,3001,"s2",153,0.065359477124183,0.536150107266284,0.605074854525779,0.068924747259495,0.0321585596669738,0.801105501889513,61.1192394021674
"production_n5k_p10",5000,3,10,5,3001,"s3",105,0.0952380952380952,0.49490623896712,0.642128092493635,0.147221853526515,0.0614106092520494,0.859318514687136,1.38713080868248
"production_n5k_p10",5000,3,10,5,3002,"s1",109,0.0917431192660551,0.553332626873115,0.608896467974424,0.0555638411013089,0.0235513428063413,0.833816083201803,1.16745767114794
"production_n5k_p10",5000,3,10,5,3002,"s2",146,0.0684931506849315,0.539484202946403,0.611678232504219,0.0721940295578158,0.03399636933031,0.903877510203708,42.0983732813899
"production_n5k_p10",5000,3,10,5,3002,"s3",103,0.0970873786407767,0.60152926029817,0.665521494253409,0.0639922339552391,0.0289940860082821,0.790558608766228,0.967673492840737
"production_n5k_p10",5000,3,10,5,3003,"s1",106,0.0943396226415094,0.510015787879701,0.692290499855006,0.182274711975305,0.0772812109255526,0.789397771268689,1.46955654907617
"production_n5k_p10",5000,3,10,5,3003,"s2",151,0.0662251655629139,0.562807177905475,0.642866483994984,0.0800593060895086,0.0346489639102252,0.879406998013486,53.5162495117834
"production_n5k_p10",5000,3,10,5,3003,"s3",105,0.0952380952380952,0.520598484621658,0.648182147281052,0.127583662659393,0.0541379340445507,0.866217940841981,0.9935990397642
"production_n5k_p10",5000,3,10,7,3001,"s1",75,0.133333333333333,0.492662352613708,0.635340968558113,0.142678615944406,0.057719446794188,0.829311440070239,2.23472932745477
"production_n5k_p10",5000,3,10,7,3001,"s2",110,0.0909090909090909,0.480193305100206,0.678625223014377,0.198431917914172,0.0788401858603606,1.20545757745345,75.4988164971764
"production_n5k_p10",5000,3,10,7,3001,"s3",75,0.133333333333333,0.513692333338212,0.621313047902893,0.107620714564681,0.0480514273919969,0.836813388392194,1.4681916696262
"production_n5k_p10",5000,3,10,7,3002,"s1",78,0.128205128205128,0.498965762707799,0.668910807800204,0.169945045092405,0.0651829126778727,0.856588305375929,1.36034690628151
"production_n5k_p10",5000,3,10,7,3002,"s2",104,0.0961538461538462,0.512851701818529,0.660239160048942,0.147387458230414,0.0568330583381933,1.0847401096534,73.5116974737585
"production_n5k_p10",5000,3,10,7,3002,"s3",74,0.135135135135135,0.537885525870543,0.72529444181752,0.187408915946977,0.0656695276675239,0.877186995869774,1.71098999651632
"production_n5k_p10",5000,3,10,7,3003,"s1",76,0.131578947368421,0.511006619672419,0.686448888874695,0.175442269202276,0.0677185924368302,0.889477544688427,1.53473065959429
"production_n5k_p10",5000,3,10,7,3003,"s2",108,0.0925925925925926,0.561090931842876,0.630510760691347,0.0694198288484714,0.0270191803919496,0.817106383429984,384.412035902913
"production_n5k_p10",5000,3,10,7,3003,"s3",75,0.133333333333333,0.462015321475887,0.657716403460151,0.195701081984264,0.0686442558680988,0.970687009707634,2.27157166721849
"production_n5k_p10",5000,3,10,10,3001,"s1",53,0.188679245283019,0.473909720026039,0.653096401046642,0.179186681020603,0.0619851238850121,1.31354312808534,1.90994983577457
"production_n5k_p10",5000,3,10,10,3001,"s2",77,0.12987012987013,0.508300100265846,0.738313469104417,0.23001336883857,0.0767477709328113,1.55157399698016,137.558752333181
"production_n5k_p10",5000,3,10,10,3001,"s3",53,0.188679245283019,0.473896915232061,0.721840673039683,0.247943757807622,0.0799840729826921,1.00493770377139,1.62646196187815
"production_n5k_p10",5000,3,10,10,3002,"s1",55,0.181818181818182,0.510809084870937,0.631334495012871,0.120525410141934,0.0420611907892071,0.935212985906377,1.35209859065394
"production_n5k_p10",5000,3,10,10,3002,"s2",73,0.136986301369863,0.431693270243026,0.721230876441777,0.289537606198751,0.0858698622543618,1.56250234943802,47.6145187293186
"production_n5k_p10",5000,3,10,10,3002,"s3",52,0.192307692307692,0.544900442614657,0.696752582414082,0.151852139799426,0.0476766514244664,1.12982455081645,1.31667897861921
"production_n5k_p10",5000,3,10,10,3003,"s1",53,0.188679245283019,0.361395300441748,0.735422999698524,0.374027699256776,0.113093043151088,1.53218078012511,2.19255469495551
"production_n5k_p10",5000,3,10,10,3003,"s2",76,0.131578947368421,0.440020726230856,0.672752085553869,0.232731359323013,0.0740663617888197,1.43858034853691,63.2123660260791
"production_n5k_p10",5000,3,10,10,3003,"s3",53,0.188679245283019,0.468379630819255,0.66863458487813,0.200254954058876,0.0701634743714212,1.1206506582075,1.74785473036586
