"model","arm","k1","k2","n_train","n_cv_folds","lambda_path_length","lambda_min","lambda_1se","selected_lambda","prediction_length","saved_prediction_length","saved_prediction_max_error","warning_count","warning"
"PS",1,1,NA,799,5,73,0.0392066891613004,0.0751949114686615,0.0392066891613004,201,201,0,0,""
"OR",1,1,NA,296,5,85,0.0527766294399608,0.111089746041549,0.0527766294399608,201,201,0.0928951226602636,0,""
"PS",1,1,2,599,5,100,0.0884991685902441,0.0884991685902441,0.0884991685902441,200,200,0,0,""
"OR",1,1,2,221,5,65,0.123253359665277,0.135270410075513,0.123253359665277,200,200,0.00103123429891883,0,""
"PS",1,1,3,599,5,100,0.052531159887074,0.0917996937880062,0.052531159887074,200,200,0,0,""
"OR",1,1,3,230,5,66,0.0708648859865495,0.123838400824802,0.0708648859865495,200,200,0.0587553587660851,0,""
"PS",1,1,4,599,5,100,0.0734707252515696,0.0971239749176919,0.0734707252515696,200,200,0,0,""
"OR",1,1,4,218,5,67,0.0660682110058027,0.0958536618709608,0.0660682110058027,200,200,0.0923374848816997,0,""
"PS",1,1,5,600,5,100,0.0728073182507668,0.0962469899051503,0.0728073182507668,199,199,0,0,""
"OR",1,1,5,219,5,66,0.0729055970629298,0.116086327741562,0.0729055970629298,199,199,0.0963733131884122,0,""
"PS",1,2,NA,800,5,81,0.0708368210730458,0.0708368210730458,0.0708368210730458,200,200,0,0,""
"OR",1,2,NA,292,5,84,0.0275543708538379,0.111237470686714,0.0275543708538379,200,200,0.184029524109029,0,""
"PS",1,2,1,599,5,100,0.0506424780220196,0.0884991685902441,0.0506424780220196,201,201,0,0,""
"OR",1,2,1,221,5,65,0.0774067019883156,0.135270410075513,0.0774067019883156,201,201,0.021825321415283,0,""
"PS",1,2,3,600,5,100,0.072271047466394,0.072271047466394,0.072271047466394,200,200,0,0,""
"OR",1,2,3,226,5,68,0.0609904176089566,0.140895775138926,0.0609904176089566,200,200,0.120302998707998,0,""
"PS",1,2,4,600,5,100,0.0379738217507245,0.0550935134254261,0.0379738217507245,200,200,0,0,""
"OR",1,2,4,214,5,65,0.0688117567389143,0.144842151950894,0.0688117567389143,200,200,0.0374927198793193,0,""
"PS",1,2,5,601,5,100,0.0570346328014914,0.0908152644343422,0.0570346328014914,199,199,0,0,""
"OR",1,2,5,215,5,64,0.0595102620271057,0.114135342216605,0.0595102620271057,199,199,0.0480133811299223,0,""
"PS",1,3,NA,800,5,75,0.0423118865927392,0.05593382395617,0.0423118865927392,200,200,0,0,""
"OR",1,3,NA,301,5,100,0.0630530196686262,0.110186942577167,0.0630530196686262,200,200,0.0417448382411441,0,""
"PS",1,3,1,599,5,100,0.0436122918125985,0.0917996937880062,0.0436122918125985,201,201,0,0,""
"OR",1,3,1,230,5,66,0.0588332733097027,0.123838400824802,0.0588332733097027,201,201,0.109320384109288,0,""
"PS",1,3,2,600,5,100,0.0453883240895592,0.072271047466394,0.0453883240895592,200,200,0,0,""
"OR",1,3,2,226,5,68,0.116974147795908,0.140895775138926,0.116974147795908,200,200,0.00714827408732033,0,""
"PS",1,3,4,600,5,100,0.0916310420990748,0.0916310420990748,0.0916310420990748,200,200,0,0,""
"OR",1,3,4,223,5,65,0.096492778101708,0.139994499386981,0.096492778101708,200,200,0.00667448091488188,0,""
"PS",1,3,5,601,5,100,0.0413200781240847,0.0599483584721226,0.0413200781240847,199,199,0,0,""
"OR",1,3,5,224,5,65,0.0681335567615793,0.119065325434395,0.0681335567615793,199,199,0.342014389098713,0,""
"PS",1,4,NA,800,5,77,0.0486572318377194,0.0705933122321122,0.0486572318377194,200,200,0,0,""
"OR",1,4,NA,289,5,100,0.0578808236442119,0.121833585576471,0.0578808236442119,200,200,0.0449529921321856,0,""
"PS",1,4,1,599,5,100,0.0734707252515696,0.0971239749176919,0.0734707252515696,201,201,0,0,""
"OR",1,4,1,218,5,67,0.0414927620157042,0.0958536618709608,0.0414927620157042,201,201,0.152124950164328,0,""
"PS",1,4,2,600,5,100,0.050199157536797,0.0799312547860606,0.050199157536797,200,200,0,0,""
"OR",1,4,2,214,5,65,0.144842151950894,0.144842151950894,0.144842151950894,200,200,1.11022302462516e-16,0,""
"PS",1,4,3,600,5,100,0.0361411711479758,0.0916310420990748,0.0361411711479758,200,200,0,0,""
"OR",1,4,3,223,5,65,0.0801099995778982,0.139994499386981,0.0801099995778982,200,200,0.0122789491151014,0,""
"PS",1,4,5,601,5,100,0.0515775100598617,0.0901331636312904,0.0515775100598617,199,199,0,0,""
"OR",1,4,5,212,5,66,0.110165812966736,0.110165812966736,0.110165812966736,199,199,0,0,""
"PS",1,5,NA,801,5,75,0.0495189105881761,0.0718434605610932,0.0495189105881761,199,199,0,1,"from glmnet C++ code (error code -80); Convergence for 80th lambda value not reached after maxit=1000000 iterations; solutions for larger lambdas returned"
"OR",1,5,NA,290,5,100,0.0654557930531813,0.104224133003076,0.0654557930531813,199,199,0.0632162766181008,0,""
"PS",1,5,1,600,5,100,0.0728073182507668,0.0962469899051503,0.0728073182507668,201,201,0,0,""
"OR",1,5,1,219,5,66,0.0800138027740996,0.116086327741562,0.0800138027740996,201,201,0.0281431687270658,0,""
"PS",1,5,2,601,5,100,0.0519678332174418,0.0908152644343422,0.0519678332174418,200,200,0,0,""
"OR",1,5,2,215,5,64,0.114135342216605,0.114135342216605,0.114135342216605,200,200,0.209452859983447,0,""
"PS",1,5,3,601,5,100,0.0413200781240847,0.0546227115300586,0.0413200781240847,200,200,0,0,""
"OR",1,5,3,224,5,65,0.119065325434395,0.119065325434395,0.119065325434395,200,200,2.22044604925031e-16,0,""
"PS",1,5,4,601,5,100,0.0621252934648364,0.0989210358153248,0.0621252934648364,200,200,0,0,""
"OR",1,5,4,212,5,66,0.110165812966736,0.110165812966736,0.110165812966736,200,200,0,0,""
"OR",0,1,NA,503,5,83,0.0381272391185475,0.0459243944985836,0.0381272391185475,201,201,0.128382541289449,0,""
"OR",0,1,2,378,5,86,0.0411933711399771,0.0655914960658991,0.0411933711399771,200,200,0.0715101795558664,0,""
"OR",0,1,3,369,5,96,0.0384496646936562,0.088823712367054,0.0384496646936562,200,200,0.155829774778179,0,""
"OR",0,1,4,381,5,90,0.0483322390489236,0.0701218033413236,0.0483322390489236,200,200,0.0541756962275873,0,""
"OR",0,1,5,381,5,95,0.0483432003896127,0.0582295560167282,0.0483432003896127,199,199,0.0672642933620448,0,""
"OR",0,2,NA,508,5,83,0.0445103230459815,0.064576857615261,0.0445103230459815,200,200,0.0699200275566354,0,""
"OR",0,2,1,378,5,86,0.0375338655815898,0.0597645283331429,0.0375338655815898,201,201,0.169148189450483,0,""
"OR",0,2,3,374,5,88,0.0562787369899028,0.0743971782106497,0.0562787369899028,200,200,0.0128483433984808,0,""
"OR",0,2,4,386,5,94,0.0571137921059666,0.109539127963063,0.0571137921059666,200,200,0.0436052002129143,0,""
"OR",0,2,5,386,5,81,0.052292723636073,0.0758677883571495,0.052292723636073,199,199,0.0997252252342026,0,""
"OR",0,3,NA,499,5,82,0.0547697342852924,0.0872089054983348,0.0547697342852924,200,200,0.0203673100991032,0,""
"OR",0,3,1,369,5,96,0.0974839146693521,0.128867998114968,0.0974839146693521,201,201,0.000563298470506179,0,""
"OR",0,3,2,374,5,88,0.0467235961612961,0.0743971782106497,0.0467235961612961,200,200,0.0739309652184632,0,""
"OR",0,3,4,377,5,93,0.0569707597143623,0.131609844052449,0.0569707597143623,200,200,0.0627922331383109,0,""
"OR",0,3,5,377,5,92,0.0881237194405252,0.116494370884306,0.0881237194405252,199,199,0.0537141043733422,0,""
"OR",0,4,NA,511,5,82,0.0471082137471555,0.0683459522079112,0.0471082137471555,200,200,0.0255277578250701,0,""
"OR",0,4,1,381,5,90,0.111653740898438,0.122539842798717,0.111653740898438,201,201,5.5871946887831e-05,0,""
"OR",0,4,2,386,5,94,0.0432044892257428,0.0520399602274796,0.0432044892257428,200,200,0.0563023622082335,0,""
"OR",0,4,3,377,5,93,0.0625253384557141,0.0995580205708617,0.0625253384557141,200,200,0.0181771216341361,0,""
"OR",0,4,5,389,5,87,0.0780586790033289,0.103188979769402,0.0780586790033289,199,199,0.0492188527341524,0,""
"OR",0,5,NA,511,5,83,0.0464652771329452,0.0674131612652662,0.0464652771329452,199,199,0.0648940861474747,0,""
"OR",0,5,1,381,5,95,0.122567633792706,0.122567633792706,0.122567633792706,201,201,0,0,""
"OR",0,5,2,386,5,81,0.062986770749424,0.069127903139887,0.062986770749424,200,200,0.0805268634034534,0,""
"OR",0,5,3,377,5,92,0.0881237194405252,0.116494370884306,0.0881237194405252,200,200,0.0386424788111726,0,""
"OR",0,5,4,389,5,87,0.0590485280633768,0.0711241610994074,0.0590485280633768,200,200,0.0383343294044906,0,""
