tag,mode,gamma_label,alpha_label,gamma_basis,alpha_basis,n,mean_source_bias_observed,mean_abs_source_bias_observed,median_abs_source_bias_observed,mean_source_bias_model_observed_A,mean_source_bias_model_true_pi,mean_required_delta,mean_observed_delta,mean_model_delta_observed_A,mean_model_delta_true_pi,mean_outcome_noise_delta,mean_intercept_gap_observed_A,mean_intercept_gap_true_pi,mean_raw_z_gap_observed_A,mean_raw_z_gap_true_pi,mean_norm_z_gap_observed_A,mean_norm_z_gap_true_pi
c2_k3p10_seed120,one_round,current,current,fitted,fitted,30,-0.015618302021366371,0.05655327173008122,0.04525484562820075,-0.002798696963206489,-0.0028325365165816256,0.01671430379798924,0.0010960017766228174,0.013915606834782745,0.013881767281407616,-0.012819605058159905,0.015672104435965464,0.06559929663992817,0.16650874363327703,0.15731617755716396,0.16385593405176516,0.14997046180842497
c2_k3p10_seed120,one_round,current,lambda_1se,fitted,fitted,30,-0.01583714207449827,0.056772111783213126,0.04525484562820075,-0.003017537016338392,-0.00313374923926075,0.016874894496772565,0.00103775242227424,0.013857357480434167,0.013741145257511836,-0.012819605058159905,0.015672104435965464,0.06559929663992817,0.16650874363327703,0.15731617755716396,0.16385593405176516,0.14997046180842497
c2_k3p10_seed120,one_round,current,true,fitted,true,30,-0.012819605058159902,0.05121829456683193,0.0449669328310095,0.0,0.0,0.0,-0.012819605058159902,0.0,0.0,-0.012819605058159902,0.015672104435965464,0.06559929663992817,0.16650874363327703,0.15731617755716396,0.16385593405176516,0.14997046180842497
c2_k3p10_seed120,one_round,current,zero,fitted,fitted,30,-0.017197915259899724,0.057108630068773245,0.05064686095736585,-0.004378310201739827,-0.0028738299722987646,0.01860385142841005,0.001405936168510334,0.014225541226670229,0.015730021456111302,-0.012819605058159902,0.015672104435965464,0.06559929663992817,0.16650874363327703,0.15731617755716396,0.16385593405176516,0.14997046180842497
c2_k3p10_seed120,one_round,true,current,true,fitted,30,0.0014623723089975504,0.062182808786184623,0.056247839644994746,0.01563014552812219,0.022090026073989757,0.01671430379798924,0.018176676106986804,0.03234444932611142,0.038804329871978974,-0.014167773219124595,0.1800572632219202,0.26237823217434103,0.18720824522093238,0.19771565365858643,0.16524470934863725,0.16631455930408257
c2_k3p10_seed120,one_round,true,true,true,true,30,-0.014167773219124598,0.05909791172644494,0.051549959163092296,0.0,0.0,0.0,-0.014167773219124598,0.0,0.0,-0.014167773219124598,0.1800572632219202,0.26237823217434103,0.18720824522093238,0.19771565365858643,0.16524470934863725,0.16631455930408257
c2_k3p10_seed120,one_round,x0.1,current,fitted,fitted,30,-0.015167324151324628,0.058130959792992064,0.0512540422171215,-0.00045614578929726674,0.0019362384495557807,0.01671430379798924,0.001546979646664548,0.016258158008691962,0.018650542247545015,-0.01471117836202737,0.02309594808094069,0.08945486287397107,0.17131126061945443,0.173002262271515,0.16669369070008572,0.1612084381399302
c2_k3p10_seed120,one_round,x0.1,lambda_1se,fitted,fitted,30,-0.015354875706494813,0.05831851134816225,0.0512540422171215,-0.0006436973444674337,0.0016613443219775114,0.016874894496772565,0.0015200187902777403,0.016231197152305126,0.018536238818750054,-0.01471117836202737,0.02309594808094069,0.08945486287397107,0.17131126061945443,0.173002262271515,0.16669369070008572,0.1612084381399302
c2_k3p10_seed120,one_round,x0.1,zero,fitted,fitted,30,-0.017111694507680054,0.05933831469682267,0.05068496015559895,-0.002400516145652711,0.0018397779053820006,0.01860385142841005,0.001492156920729951,0.016203335282757334,0.02044362933379206,-0.014711178362027361,0.02309594808094069,0.08945486287397107,0.17131126061945443,0.173002262271515,0.16669369070008572,0.1612084381399302
c2_k3p10_seed120,one_round,x10,current,fitted,fitted,30,-0.009351015091150073,0.05431508160192064,0.041036931102388804,0.0062708613040928195,0.004775720848408406,0.01671430379798924,0.007363288706839149,0.022985165102082046,0.021490024646397647,-0.01562187639524284,0.0009261299606671408,0.01331500717282277,0.17721011404043968,0.14163006857030364,0.17707558599301446,0.14097585386622055
c2_k3p10_seed120,one_round,x10,lambda_1se,fitted,fitted,30,-0.009571834734440624,0.054535901245211196,0.041036931102388804,0.006050041660802254,0.004470646511143447,0.016874894496772565,0.00730305976233191,0.02292493615757481,0.021345541007916018,-0.01562187639524284,0.0009261299606671408,0.01331500717282277,0.17721011404043968,0.14163006857030364,0.17707558599301446,0.14097585386622055
c2_k3p10_seed120,one_round,x10,zero,fitted,fitted,30,-0.010994493989559949,0.053646657339817355,0.04378761757859465,0.004627382405682945,0.004269768770442334,0.01860385142841005,0.007609357438850129,0.023231233834092996,0.022873620198852397,-0.015621876395242837,0.0009261299606671408,0.01331500717282277,0.17721011404043968,0.14163006857030364,0.17707558599301446,0.14097585386622055
c2_k3p10_seed120,one_round,zero,current,fitted,fitted,30,-0.014953148991983188,0.058223293084601245,0.052096851506445455,-5.1257634781803836e-05,0.0027909566653089675,0.01671430379798924,0.00176115480600605,0.01666304616320744,0.01950526046329819,-0.014901891357201415,0.024081656014156804,0.09283104836515318,0.1725802437019022,0.17587840524893134,0.1676775859046827,0.16334569886734643
c2_k3p10_seed120,one_round,zero,lambda_1se,fitted,fitted,30,-0.015132302049630262,0.05840244614224832,0.052096851506445455,-0.00023041069242887887,0.002520368333965265,0.016874894496772565,0.0017425924471422818,0.01664448380434369,0.019395262830737812,-0.014901891357201415,0.024081656014156804,0.09283104836515318,0.1725802437019022,0.17587840524893134,0.1676775859046827,0.16334569886734643
c2_k3p10_seed120,one_round,zero,zero,fitted,fitted,30,-0.016988337511728017,0.05957043978244892,0.052353481729661,-0.0020864461545266155,0.0026712316642695123,0.01860385142841005,0.0016155139166820578,0.01651740527388344,0.021275083092679527,-0.014901891357201413,0.024081656014156804,0.09283104836515318,0.1725802437019022,0.17587840524893134,0.1676775859046827,0.16334569886734643
c2_k3p10_seed120,two_round,current,current,fitted,fitted,30,-0.015551242121481828,0.056075174920333724,0.0477848485936047,-0.0022377278509732876,-0.0016203480341574121,0.016834251913347056,0.0012830097918652154,0.01459652406237376,0.015213903879189621,-0.01331351427050857,0.016855278260116947,0.06662978751773274,0.16709774310633388,0.157473638491354,0.16419710721339614,0.15008676707264457
c2_k3p10_seed120,two_round,current,lambda_1se,fitted,fitted,30,-0.01558262881555972,0.056079364281930735,0.047580868599998105,-0.0022691145450511787,-0.0017366670145981698,0.01683649486971427,0.001253866054154537,0.014567380324663082,0.015099827855116087,-0.01331351427050857,0.016855278260116947,0.06662978751773274,0.16709774310633388,0.157473638491354,0.16419710721339614,0.15008676707264457
c2_k3p10_seed120,two_round,current,true,fitted,true,30,-0.01331351427050857,0.05099571108354094,0.0435066167468008,0.0,0.0,0.0,-0.01331351427050857,0.0,0.0,-0.01331351427050857,0.016855278260116947,0.06662978751773274,0.16709774310633388,0.157473638491354,0.16419710721339614,0.15008676707264457
c2_k3p10_seed120,two_round,current,zero,fitted,fitted,30,-0.017171089399702875,0.056250793521973784,0.05092664806062365,-0.003857575129194324,-0.0015828135711973975,0.01861446915575874,0.0014433797560558564,0.014756894026564412,0.017031655584561347,-0.013313514270508567,0.016855278260116947,0.06662978751773274,0.16709774310633388,0.157473638491354,0.16419710721339614,0.15008676707264457
c2_k3p10_seed120,two_round,true,current,true,fitted,30,0.0012055353729067632,0.062230876258226514,0.05640205848722435,0.015373308592031376,0.021875599936844545,0.016834251913347056,0.01803978728625384,0.03220756050537841,0.03870985185019155,-0.014167773219124598,0.1800572632219202,0.26237823217434103,0.18720824522093238,0.19771565365858643,0.16524470934863725,0.16631455930408257
c2_k3p10_seed120,two_round,true,true,true,true,30,-0.014167773219124598,0.05909791172644494,0.051549959163092296,0.0,0.0,0.0,-0.014167773219124598,0.0,0.0,-0.014167773219124598,0.1800572632219202,0.26237823217434103,0.18720824522093238,0.19771565365858643,0.16524470934863725,0.16631455930408257
c2_k3p10_seed120,two_round,x0.1,current,fitted,fitted,30,-0.015251102234855868,0.05816404360077495,0.05121184170485245,-0.0005298690929303897,0.001936818305452341,0.016834251913347056,0.00158314967849122,0.016304382820416654,0.018771070218799382,-0.014721233141925456,0.023216281561569244,0.08976120284461048,0.17149309447180303,0.17327994800041674,0.16684104905672512,0.16143422016034728
c2_k3p10_seed120,two_round,x0.1,lambda_1se,fitted,fitted,30,-0.015271244211098406,0.05816029728000491,0.051032679477258105,-0.0005500110691729306,0.0018587389355937906,0.01683649486971427,0.001565250658615891,0.016286483800541325,0.01869523380530804,-0.014721233141925456,0.023216281561569244,0.08976120284461048,0.17149309447180303,0.17327994800041674,0.16684104905672512,0.16143422016034728
c2_k3p10_seed120,two_round,x0.1,zero,fitted,fitted,30,-0.01726436583459874,0.058920666742595475,0.05073342640125065,-0.002543132692673272,0.0018602554830611474,0.01861446915575874,0.0013501033211600426,0.01607133646308546,0.020474724638819893,-0.014721233141925453,0.023216281561569244,0.08976120284461048,0.17149309447180303,0.17327994800041674,0.16684104905672512,0.16143422016034728
c2_k3p10_seed120,two_round,x10,current,fitted,fitted,30,-0.009346600345120396,0.05444869490621111,0.04103945495486725,0.005461798579795448,0.004318398475409951,0.016834251913347056,0.0074876515682266815,0.022296050493142497,0.02115265038875701,-0.01480839892491583,0.0020639049694683347,0.0158231023967201,0.1765624610852539,0.14148386598205115,0.17630382467062847,0.1405764953625392
c2_k3p10_seed120,two_round,x10,lambda_1se,fitted,fitted,30,-0.009365264006732935,0.05443828528404395,0.04103945495486725,0.005443134918182909,0.0041799206265553035,0.01683649486971427,0.007471230862981358,0.022279629787897173,0.02101641549626957,-0.01480839892491583,0.0020639049694683347,0.0158231023967201,0.1765624610852539,0.14148386598205115,0.17630382467062847,0.1405764953625392
c2_k3p10_seed120,two_round,x10,zero,fitted,fitted,30,-0.010868638164918258,0.0535374609792457,0.0439024785238909,0.003939760759997592,0.003954265258471767,0.01861446915575874,0.007745830990840515,0.022554229915756334,0.022568734414230504,-0.01480839892491583,0.0020639049694683347,0.0158231023967201,0.1765624610852539,0.14148386598205115,0.17630382467062847,0.1405764953625392
c2_k3p10_seed120,two_round,zero,current,fitted,fitted,30,-0.015122960267288344,0.0583825559469577,0.052314217618929,-0.0002251731417446853,0.0025958373192334805,0.016834251913347056,0.0017112916460586475,0.016609078771602368,0.019430089232580536,-0.014897787125543722,0.024104519859221372,0.09290128369059635,0.1725731319860457,0.17590999420924722,0.167663480293457,0.16336675008958723
c2_k3p10_seed120,two_round,zero,lambda_1se,fitted,fitted,30,-0.015135424853875364,0.05837152481992267,0.0521379997667637,-0.00023763772833170152,0.002526560244297137,0.01683649486971427,0.0017010700158388323,0.016598857141382563,0.01936305511401141,-0.014897787125543722,0.024104519859221372,0.09290128369059635,0.1725731319860457,0.17590999420924722,0.167663480293457,0.16336675008958723
c2_k3p10_seed120,two_round,zero,zero,fitted,fitted,30,-0.017225295959545365,0.05926582321206034,0.0525316185893041,-0.002327508834001667,0.002486105543971435,0.01861446915575874,0.001389173196213347,0.01628696032175708,0.021100574699730163,-0.014897787125543719,0.024104519859221372,0.09290128369059635,0.1725731319860457,0.17590999420924722,0.167663480293457,0.16336675008958723
c2_k3p10_seed40,one_round,current,current,fitted,fitted,30,-0.010463233275591807,0.05964029672125508,0.05777092305033705,-0.004100845985507,0.0001507825615882525,0.012444733829050153,0.0019815005534583184,0.008343887843543153,0.012595516390638386,-0.00636238729008479,0.012590190775983412,0.05055994717559079,0.15831819091595392,0.15410330337768632,0.15687902722296465,0.14900146974077394
c2_k3p10_seed40,one_round,current,lambda_1se,fitted,fitted,30,-0.010365810108472743,0.059362589089266275,0.05777092305033705,-0.004003422818387939,0.00018670882589473571,0.012326765935402582,0.0019609558269298153,0.00832334311701465,0.012513474761297296,-0.00636238729008479,0.012590190775983412,0.05055994717559079,0.15831819091595392,0.15410330337768632,0.15687902722296465,0.14900146974077394
c2_k3p10_seed40,one_round,current,true,fitted,true,30,-0.00636238729008479,0.052987099417827414,0.0411828544143671,0.0,0.0,0.0,-0.00636238729008479,0.0,0.0,-0.00636238729008479,0.012590190775983412,0.05055994717559079,0.15831819091595392,0.15410330337768632,0.15687902722296465,0.14900146974077394
c2_k3p10_seed40,one_round,current,zero,fitted,fitted,30,-0.012261936633488187,0.062059295769891804,0.05708367348049905,-0.0058995493434033704,-8.15000264555819e-06,0.01429027204117807,0.002028335407689836,0.008390722697774704,0.0142821220385325,-0.00636238729008479,0.012590190775983412,0.05055994717559079,0.15831819091595392,0.15410330337768632,0.15687902722296465,0.14900146974077394
c2_k3p10_seed40,one_round,true,current,true,fitted,30,-0.011158160180228279,0.06649651212684168,0.0612658830072246,-0.0012189807006307493,0.002178454147230403,0.012444733829050153,0.0012865736488218973,0.011225753128419403,0.014623187976280538,-0.00993917947959754,0.20910612668951015,0.27034713269375377,0.17869256333397115,0.19847201415178703,0.15452744827769738,0.16458597544000658
c2_k3p10_seed40,one_round,true,true,true,true,30,-0.009939179479597538,0.062469956938672425,0.0483465910802434,0.0,0.0,0.0,-0.009939179479597538,0.0,0.0,-0.009939179479597538,0.20910612668951015,0.27034713269375377,0.17869256333397115,0.19847201415178703,0.15452744827769738,0.16458597544000658
c2_k3p10_seed40,one_round,x0.1,current,fitted,fitted,30,-0.006108441118915924,0.06021055873297219,0.05766144570901105,-0.0009743635586035632,0.0056167211114307005,0.012444733829050153,0.006336292710134213,0.01147037027044658,0.018061454940480844,-0.005134077560312359,0.020549121651972185,0.07483831548141356,0.1655734370426354,0.17401842404755324,0.16268190431151427,0.16403448532363385
c2_k3p10_seed40,one_round,x0.1,lambda_1se,fitted,fitted,30,-0.006104153518188273,0.05985830538238766,0.05766144570901105,-0.0009700759578759207,0.0055045325727707635,0.012326765935402582,0.006222612417214305,0.011356689977526657,0.017831298508173356,-0.0051340775603123555,0.020549121651972185,0.07483831548141356,0.1655734370426354,0.17401842404755324,0.16268190431151427,0.16403448532363385
c2_k3p10_seed40,one_round,x0.1,zero,fitted,fitted,30,-0.007688352544598054,0.0625323439746095,0.056107994996309404,-0.0025542749842856973,0.0059218410839001765,0.01429027204117807,0.0066019194965799746,0.011735997056892362,0.020212113125078264,-0.005134077560312363,0.020549121651972185,0.07483831548141356,0.1655734370426354,0.17401842404755324,0.16268190431151427,0.16403448532363385
c2_k3p10_seed40,one_round,x10,current,fitted,fitted,30,-0.018743302058323627,0.06374660768498393,0.0501028128618815,-0.011995268353630567,-0.011503318837742955,0.012444733829050153,-0.0062985682292734674,0.00044946547541959076,0.0009414149913071896,-0.00674803370469307,0.0001910895484829163,-0.008113356745769509,0.1716470988157042,0.13530529845921338,0.17159345879661278,0.1372518415079348
c2_k3p10_seed40,one_round,x10,lambda_1se,fitted,fitted,30,-0.01863882095348831,0.06355642605701811,0.05215718035635575,-0.01189078724879524,-0.011400859062665572,0.012326765935402582,-0.006312055018085712,0.0004359786866073525,0.0009259068727370096,-0.00674803370469307,0.0001910895484829163,-0.008113356745769509,0.1716470988157042,0.13530529845921338,0.17159345879661278,0.1372518415079348
c2_k3p10_seed40,one_round,x10,zero,fitted,fitted,30,-0.020294131230396306,0.06688349683740627,0.052343764642372545,-0.013546097525703283,-0.011885448342483671,0.01429027204117807,-0.00600385918921829,0.0007441745154747828,0.0024048236986944044,-0.00674803370469307,0.0001910895484829163,-0.008113356745769509,0.1716470988157042,0.13530529845921338,0.17159345879661278,0.1372518415079348
c2_k3p10_seed40,one_round,zero,current,fitted,fitted,30,-0.005604968647196132,0.06018104030200359,0.05727654133999665,-0.0006116055072508679,0.006244855546380409,0.012444733829050153,0.006839765181853969,0.01183312832179929,0.018689589375430596,-0.0049933631399452704,0.021943413039080394,0.07788304997745152,0.167379474025146,0.17714943953097287,0.1642126326767807,0.1664128676209941
c2_k3p10_seed40,one_round,zero,lambda_1se,fitted,fitted,30,-0.005616334769632008,0.05981852936633566,0.05727654133999665,-0.0006229716296867518,0.0061093356137671365,0.012326765935402582,0.006710431165770484,0.011703794305715838,0.018436101549169748,-0.004993363139945264,0.021943413039080394,0.07788304997745152,0.167379474025146,0.17714943953097287,0.1642126326767807,0.1664128676209941
c2_k3p10_seed40,one_round,zero,zero,fitted,fitted,30,-0.0071416562966327085,0.062483980940956856,0.05615186053522525,-0.002148293156687382,0.006626670164274934,0.01429027204117807,0.0071486157445454085,0.012141978884490685,0.02091694220545299,-0.0049933631399452704,0.021943413039080394,0.07788304997745152,0.167379474025146,0.17714943953097287,0.1642126326767807,0.1664128676209941
c2_k3p10_seed40,two_round,current,current,fitted,fitted,30,-0.011660861145139577,0.06035380297897304,0.058870508398276095,-0.004540221813742588,-0.0011298258306379802,0.011898264839882444,0.00023740369474290341,0.007358043026139851,0.01076843900924446,-0.007120639331396986,0.012138481295933819,0.04803274765852853,0.1577141530794668,0.150929391216507,0.1563330376215612,0.1463871770699809
c2_k3p10_seed40,two_round,current,lambda_1se,fitted,fitted,30,-0.011402284336280816,0.06003005639195828,0.058870508398276095,-0.004281645004883844,-0.0009543958954843292,0.011643288483033483,0.00024100414675267366,0.00736164347814964,0.010688892587549147,-0.007120639331396986,0.012138481295933819,0.04803274765852853,0.1577141530794668,0.150929391216507,0.1563330376215612,0.1463871770699809
c2_k3p10_seed40,two_round,current,true,fitted,true,30,-0.007120639331396989,0.05326535670611402,0.04232268023734465,0.0,0.0,0.0,-0.007120639331396989,0.0,0.0,-0.007120639331396989,0.012138481295933819,0.04803274765852853,0.1577141530794668,0.150929391216507,0.1563330376215612,0.1463871770699809
c2_k3p10_seed40,two_round,current,zero,fitted,fitted,30,-0.013434301221564615,0.06259027675732452,0.058994063751415804,-0.006313661890167643,-0.0013883383726213915,0.013567472028620381,0.00013317080705574775,0.007253810138452739,0.01217913365599899,-0.007120639331396988,0.012138481295933819,0.04803274765852853,0.1577141530794668,0.150929391216507,0.1563330376215612,0.1463871770699809
c2_k3p10_seed40,two_round,true,current,true,fitted,30,-0.011403288854954221,0.06655837961498139,0.061274604305648,-0.0014641093753566933,0.0017759369540234866,0.011898264839882444,0.0004949759849282508,0.010434155464525757,0.013674201793905914,-0.00993917947959754,0.20910612668951015,0.27034713269375377,0.17869256333397115,0.19847201415178703,0.15452744827769738,0.16458597544000658
c2_k3p10_seed40,two_round,true,true,true,true,30,-0.009939179479597538,0.062469956938672425,0.0483465910802434,0.0,0.0,0.0,-0.009939179479597538,0.0,0.0,-0.009939179479597538,0.20910612668951015,0.27034713269375377,0.17869256333397115,0.19847201415178703,0.15452744827769738,0.16458597544000658
c2_k3p10_seed40,two_round,x0.1,current,fitted,fitted,30,-0.006382846349748097,0.06021285389878615,0.0580259401680385,-0.0012516153153788881,0.005120160561312289,0.011898264839882444,0.005515418490134377,0.010646649524503558,0.017018425401194786,-0.005131231034369184,0.020661352279194817,0.07467466044149568,0.16554870862944612,0.17367620286693342,0.16265503545043092,0.16378052150521114
c2_k3p10_seed40,two_round,x0.1,lambda_1se,fitted,fitted,30,-0.0061899228771981184,0.05985901807884224,0.05773106317254165,-0.0010586918428289137,0.005209140395218851,0.011643288483033483,0.005453365605835392,0.010584596640204575,0.01685242887825233,-0.005131231034369179,0.020661352279194817,0.07467466044149568,0.16554870862944612,0.17367620286693342,0.16265503545043092,0.16378052150521114
c2_k3p10_seed40,two_round,x0.1,zero,fitted,fitted,30,-0.007910328565450712,0.06243357711236041,0.0551727313613804,-0.0027790975310814973,0.005450063832735219,0.013567472028620381,0.0056571434631696536,0.010788374497538888,0.019017535861355586,-0.005131231034369184,0.020661352279194817,0.07467466044149568,0.16554870862944612,0.17367620286693342,0.16265503545043092,0.16378052150521114
c2_k3p10_seed40,two_round,x10,current,fitted,fitted,30,-0.019874878898323987,0.06399478775099664,0.0535353237861268,-0.012610199280032397,-0.012125186709754565,0.011898264839882444,-0.007976614058441574,-0.0007119344401499557,-0.00022692186987212978,-0.0072646796182915824,0.0008827177659788861,-0.007981085530327598,0.17294504920274495,0.1362089700603791,0.1727706101835876,0.13809590709169725
c2_k3p10_seed40,two_round,x10,lambda_1se,fitted,fitted,30,-0.019624067320342452,0.06365716162638771,0.0535353237861268,-0.01235938770205091,-0.011873172825383445,0.011643288483033483,-0.007980778837309016,-0.0007160992190174271,-0.00022988434234997353,-0.0072646796182915824,0.0008827177659788861,-0.007981085530327598,0.17294504920274495,0.1362089700603791,0.1727706101835876,0.13809590709169725
c2_k3p10_seed40,two_round,x10,zero,fitted,fitted,30,-0.02136536426416901,0.06661492735091408,0.053855268130031,-0.01410068464587741,-0.012461664054737764,0.013567472028620381,-0.007797892235548604,-0.0005332126172570235,0.0011058079738826222,-0.007264679618291579,0.0008827177659788861,-0.007981085530327598,0.17294504920274495,0.1362089700603791,0.1727706101835876,0.13809590709169725
c2_k3p10_seed40,two_round,zero,current,fitted,fitted,30,-0.005909408126750443,0.060183092437360454,0.0575203987206883,-0.0008994978775909434,0.005828850852452045,0.011898264839882444,0.005988856713131969,0.0109987669622915,0.017727115692334424,-0.005009910249159521,0.02206923618652939,0.07791011363558696,0.16746392556137268,0.17713288176327327,0.16429055794805728,0.16641100261822314
c2_k3p10_seed40,two_round,zero,lambda_1se,fitted,fitted,30,-0.005726071917435736,0.059822838735609445,0.05722921499759455,-0.0007161616682762385,0.005906134342917197,0.011643288483033483,0.005917216565597697,0.01092712681475724,0.017549422825950636,-0.005009910249159521,0.02206923618652939,0.07791011363558696,0.16746392556137268,0.17713288176327327,0.16429055794805728,0.16641100261822314
c2_k3p10_seed40,two_round,zero,zero,fitted,fitted,30,-0.007387209576607369,0.06238563440674623,0.0548659926008436,-0.00237729932744788,0.006246661717979307,0.013567472028620381,0.00618026245201299,0.0111901727011725,0.019814133746599696,-0.005009910249159519,0.02206923618652939,0.07791011363558696,0.16746392556137268,0.17713288176327327,0.16429055794805728,0.16641100261822314
c2_k3p50_seed9,one_round,current,current,fitted,fitted,30,-0.003786940424237269,0.047825990375561435,0.031871119499167946,-0.005584582886198671,0.0021071215182854376,0.0037791408058910226,-7.79961834626019e-06,-0.0018054420803076453,0.005886262324176439,0.0017976424619613833,0.024126882484726647,0.05354870011302287,0.16258413530244956,0.13562473055671773,0.15973308131382014,0.1315234491239733
c2_k3p50_seed9,one_round,current,lambda_1se,fitted,fitted,30,-0.0031264167727057092,0.04800858712805646,0.031871119499167946,-0.004924059234667123,0.0023842867427070315,0.0034011687722513007,0.00027475199954558985,-0.0015228904624158184,0.005785455514958311,0.0017976424619613814,0.024126882484726647,0.05354870011302287,0.16258413530244956,0.13562473055671773,0.15973308131382014,0.1315234491239733
c2_k3p50_seed9,one_round,current,true,fitted,true,30,0.0017976424619613814,0.04725553176933143,0.0378620138383033,0.0,0.0,0.0,0.0017976424619613814,0.0,0.0,0.0017976424619613814,0.024126882484726647,0.05354870011302287,0.16258413530244956,0.13562473055671773,0.15973308131382014,0.1315234491239733
c2_k3p50_seed9,one_round,current,zero,fitted,fitted,30,-0.008021737369914841,0.05132490982593498,0.03885816692268635,-0.009819379831876236,0.0016989156178090824,0.012176749280297224,0.0041550119103823955,0.002357369448420991,0.013875664898106285,0.0017976424619613833,0.024126882484726647,0.05354870011302287,0.16258413530244956,0.13562473055671773,0.15973308131382014,0.1315234491239733
c2_k3p50_seed9,one_round,true,current,true,fitted,30,-0.006968567486701169,0.05610838804184158,0.0453365711364937,-0.007318666508021211,0.006503031884513466,0.0037791408058910226,-0.0031894266808101994,-0.003539525702130187,0.01028217269040456,0.0003500990213200374,0.19795587390015443,0.27691364990108497,0.18507076524046834,0.16252524004947083,0.16184611417862305,0.1390060191208809
c2_k3p50_seed9,one_round,true,true,true,true,30,0.0003500990213200411,0.058794942747012136,0.054883065637162096,0.0,0.0,0.0,0.0003500990213200411,0.0,0.0,0.0003500990213200411,0.19795587390015443,0.27691364990108497,0.18507076524046834,0.16252524004947083,0.16184611417862305,0.1390060191208809
c2_k3p50_seed9,one_round,x0.1,current,fitted,fitted,30,0.013890798908441476,0.055828399989564556,0.0419386315051462,0.002888205784186765,0.0198151370934382,0.0037791408058910226,0.017669939714332544,0.0066673465900777785,0.023594277899329205,0.011002593124254771,0.12440227950881169,0.19889678743952638,0.20109112257155282,0.17520061274545087,0.18180971570986684,0.15328463614346963
c2_k3p50_seed9,one_round,x0.1,lambda_1se,fitted,fitted,30,0.014702635091950583,0.056243852259635595,0.0419386315051462,0.0037000419676958335,0.020113537423653217,0.0034011687722513007,0.01810380386420186,0.007101210739947129,0.02351470619590452,0.011002593124254768,0.12440227950881169,0.19889678743952638,0.20109112257155282,0.17520061274545087,0.18180971570986684,0.15328463614346963
c2_k3p50_seed9,one_round,x0.1,zero,fitted,fitted,30,0.010505976306896843,0.0559802642886276,0.04545060494411185,-0.000496616817357922,0.021648078846320182,0.012176749280297224,0.022682725587194,0.011680132462939308,0.033824828126617384,0.011002593124254759,0.12440227950881169,0.19889678743952638,0.20109112257155282,0.17520061274545087,0.18180971570986684,0.15328463614346963
c2_k3p50_seed9,one_round,x10,current,fitted,fitted,30,-0.014363173878762514,0.0502613536251003,0.04100301375051375,-0.012492020295652677,-0.006506926552795581,0.0037791408058910226,-0.010584033072871502,-0.008712879489761656,-0.002727785746904558,-0.0018711535831098251,-7.194354911373532e-05,0.0034438659863374075,0.1609583942855922,0.12972987531162702,0.16097120818994304,0.12960078685009763
c2_k3p50_seed9,one_round,x10,lambda_1se,fitted,fitted,30,-0.013740440753085134,0.05040615985174114,0.04100301375051375,-0.011869287169975302,-0.006243274649561541,0.0034011687722513007,-0.010339271980833838,-0.008468118397724005,-0.002842105877310233,-0.0018711535831098284,-7.194354911373532e-05,0.0034438659863374075,0.1609583942855922,0.12972987531162702,0.16097120818994304,0.12960078685009763
c2_k3p50_seed9,one_round,x10,zero,fitted,fitted,30,-0.019087329250768153,0.05555277455491501,0.04124184280760785,-0.017216175667658325,-0.007893586463161179,0.012176749280297224,-0.0069105799704709545,-0.0050394263873611116,0.004283162817136044,-0.001871153583109832,-7.194354911373532e-05,0.0034438659863374075,0.1609583942855922,0.12972987531162702,0.16097120818994304,0.12960078685009763
c2_k3p50_seed9,one_round,zero,current,fitted,fitted,30,0.01803160002019957,0.05872515695024403,0.043789585839497505,0.0042817431635851794,0.023652643152813988,0.0037791408058910226,0.02181074082609061,0.008060883969476225,0.02743178395870501,0.013749856856614376,0.14954465310731174,0.23298426176341566,0.2142906450251287,0.18792403597920793,0.18953349911341183,0.16014889058628734
c2_k3p50_seed9,one_round,zero,lambda_1se,fitted,fitted,30,0.018868019885079444,0.059206971170549974,0.043789585839497505,0.00511816302846505,0.023945958658116696,0.0034011687722513007,0.0222691886573308,0.008519331800716385,0.027347127430368025,0.013749856856614373,0.14954465310731174,0.23298426176341566,0.2142906450251287,0.18792403597920793,0.18953349911341183,0.16014889058628734
c2_k3p50_seed9,one_round,zero,zero,fitted,fitted,30,0.01483846890648412,0.0582914222826094,0.03769390802501235,0.001088612049869736,0.026047356720364408,0.012176749280297224,0.027015218186781365,0.013265361330166958,0.03822410600066163,0.01374985685661438,0.14954465310731174,0.23298426176341566,0.2142906450251287,0.18792403597920793,0.18953349911341183,0.16014889058628734
c2_k3p50_seed9,two_round,current,current,fitted,fitted,30,-0.003824195278720863,0.048326141659032026,0.03736228647873155,-0.005630481655251119,0.0022355536154050745,0.0024973799168098304,-0.0013268153619110498,-0.0031331017384412787,0.0047329335322148815,0.001806286376530219,0.026101873658503253,0.05527797354812559,0.16291920060599674,0.13526171646366675,0.15982801339432967,0.1311984679515071
c2_k3p50_seed9,two_round,current,lambda_1se,fitted,fitted,30,-0.003897217163215565,0.0482843420869015,0.03736228647873155,-0.005703503539745818,0.0018696533340549124,0.0023261945417150627,-0.0015710226215005217,-0.003377308998030749,0.004195847875769951,0.001806286376530219,0.026101873658503253,0.05527797354812559,0.16291920060599674,0.13526171646366675,0.15982801339432967,0.1311984679515071
c2_k3p50_seed9,two_round,current,true,fitted,true,30,0.001806286376530219,0.04797091748742592,0.03708282595427345,0.0,0.0,0.0,0.001806286376530219,0.0,0.0,0.001806286376530219,0.026101873658503253,0.05527797354812559,0.16291920060599674,0.13526171646366675,0.15982801339432967,0.1311984679515071
c2_k3p50_seed9,two_round,current,zero,fitted,fitted,30,-0.008096655524252068,0.051275440986907825,0.037627904344548796,-0.009902941900782301,0.0013500859429514426,0.011158678188482731,0.003062022664230647,0.001255736287700432,0.012508764131434187,0.0018062863765302153,0.026101873658503253,0.05527797354812559,0.16291920060599674,0.13526171646366675,0.15982801339432967,0.1311984679515071
c2_k3p50_seed9,two_round,true,current,true,fitted,30,-0.0063967461297128715,0.05590279714276647,0.045171248026872154,-0.006746845151032926,0.006822729676423044,0.0024973799168098304,-0.0038993662129030563,-0.004249465234223107,0.009320109593232866,0.0003500990213200411,0.19795587390015443,0.27691364990108497,0.18507076524046834,0.16252524004947083,0.16184611417862305,0.1390060191208809
c2_k3p50_seed9,two_round,true,true,true,true,30,0.0003500990213200411,0.058794942747012136,0.054883065637162096,0.0,0.0,0.0,0.0003500990213200411,0.0,0.0,0.0003500990213200411,0.19795587390015443,0.27691364990108497,0.18507076524046834,0.16252524004947083,0.16184611417862305,0.1390060191208809
c2_k3p50_seed9,two_round,x0.1,current,fitted,fitted,30,0.014850632487736106,0.056519258649606594,0.043534914698558705,0.003363055873045988,0.02052639468120044,0.0024973799168098304,0.017348012404545976,0.005860435789855809,0.02302377459801033,0.011487576614690194,0.12649258496304694,0.20180122954344615,0.20193829147808443,0.17614006213670688,0.18241794827419508,0.15390976011474444
c2_k3p50_seed9,two_round,x0.1,lambda_1se,fitted,fitted,30,0.014632352550188278,0.05632203777958304,0.043534914698558705,0.0031447759354981436,0.01992019154025814,0.0023261945417150627,0.016958547091903378,0.0054709704772132,0.022246386081973213,0.011487576614690194,0.12649258496304694,0.20180122954344615,0.20193829147808443,0.17614006213670688,0.18241794827419508,0.15390976011474444
c2_k3p50_seed9,two_round,x0.1,zero,fitted,fitted,30,0.01080747401495868,0.05576294922906723,0.04709376125005595,-0.0006801025997315284,0.02180386822736013,0.011158678188482731,0.02196615220344139,0.01047857558875122,0.032962546415842814,0.011487576614690194,0.12649258496304694,0.20180122954344615,0.20193829147808443,0.17614006213670688,0.18241794827419508,0.15390976011474444
c2_k3p50_seed9,two_round,x10,current,fitted,fitted,30,-0.013750164108544427,0.049991960717008864,0.0406474480223739,-0.011881078322290755,-0.006003001496276378,0.0024973799168098304,-0.011252784191734604,-0.009383698405480943,-0.003505621579466564,-0.0018690857862536595,-5.864916157210357e-05,0.0034745026510106447,0.16095954529064196,0.12973188493870094,0.16097120818994304,0.12960078685009763
c2_k3p50_seed9,two_round,x10,lambda_1se,fitted,fitted,30,-0.013734590052412359,0.05041016728163871,0.0409861186416828,-0.011865504266158684,-0.006264570454531106,0.0023261945417150627,-0.0114083955106973,-0.009539309724443643,-0.003938375912816056,-0.0018690857862536595,-5.864916157210357e-05,0.0034745026510106447,0.16095954529064196,0.12973188493870094,0.16097120818994304,0.12960078685009763
c2_k3p50_seed9,two_round,x10,zero,fitted,fitted,30,-0.018970518316687734,0.05536771634856663,0.040164470050151696,-0.01710143253043404,-0.007885578993872645,0.011158678188482731,-0.007811840128204955,-0.0059427543419513125,0.0032730991946101026,-0.0018690857862536652,-5.864916157210357e-05,0.0034745026510106447,0.16095954529064196,0.12973188493870094,0.16097120818994304,0.12960078685009763
c2_k3p50_seed9,two_round,zero,current,fitted,fitted,30,0.019052010431040826,0.05951258705638945,0.043508237239026804,0.005280911843451332,0.024342958252814528,0.0024973799168098304,0.021549390347850663,0.0077782917602611384,0.02684033816962437,0.013771098587589499,0.14965727078835764,0.23324354417285614,0.21437368038253932,0.18801496254608677,0.1895788039762884,0.16019093595769324
c2_k3p50_seed9,two_round,zero,lambda_1se,fitted,fitted,30,0.01881535818151669,0.05927601172158951,0.043508237239026804,0.005044259593927187,0.023706591461929695,0.0023261945417150627,0.02114155272323177,0.007370454135642222,0.026032786003644795,0.013771098587589499,0.14965727078835764,0.23324354417285614,0.21437368038253932,0.18801496254608677,0.1895788039762884,0.16019093595769324
c2_k3p50_seed9,two_round,zero,zero,fitted,fitted,30,0.015092236964044329,0.05809551667418415,0.037449250378027904,0.0013211383764548197,0.026029065853182994,0.011158678188482731,0.026250915152527084,0.012479816564937542,0.03718774404166571,0.013771098587589499,0.14965727078835764,0.23324354417285614,0.21437368038253932,0.18801496254608677,0.1895788039762884,0.16019093595769324
c2_k4p10_seed364,one_round,current,current,fitted,fitted,40,-0.006741690295691194,0.06955569870622222,0.0524211802805417,-0.005771429646644215,0.0034693071277896214,0.005710306335494129,-0.0010313839601970632,-6.112331115008442e-05,0.009179613463283758,-0.0009702606490469487,0.013896088396193157,0.08386436577239473,0.18240254383912166,0.1665761895781392,0.18025115478216394,0.15873409200029737
c2_k4p10_seed364,one_round,current,lambda_1se,fitted,fitted,40,-0.006051497590519336,0.06746187484908901,0.05126749821465075,-0.0050812369414723595,0.0028844218307721957,0.005444303135072686,-0.0006071944554466413,0.0003630661936003256,0.008328724965844886,-0.0009702606490469487,0.013896088396193157,0.08386436577239473,0.18240254383912166,0.1665761895781392,0.18025115478216394,0.15873409200029737
c2_k4p10_seed364,one_round,current,true,fitted,true,40,-0.000970260649046975,0.06793009707117985,0.0597245490039394,0.0,0.0,0.0,-0.000970260649046975,0.0,0.0,-0.000970260649046975,0.013896088396193157,0.08386436577239473,0.18240254383912166,0.1665761895781392,0.18025115478216394,0.15873409200029737
c2_k4p10_seed364,one_round,current,zero,fitted,fitted,40,-0.006609076821252774,0.07001074427806073,0.0482857226365409,-0.005638816172205774,0.003978545749042411,0.0065808666517725555,-2.8210169480214625e-05,0.0009420504795667695,0.010559412400814969,-0.0009702606490469515,0.013896088396193157,0.08386436577239473,0.18240254383912166,0.1665761895781392,0.18025115478216394,0.15873409200029737
c2_k4p10_seed364,one_round,true,current,true,fitted,40,-0.004599976549642148,0.07703911651942766,0.05954632871679165,-0.0046166815181744696,0.010554986211333068,0.005710306335494129,0.0011103297858520323,0.001093624817319667,0.016265292546827202,1.6704968532408464e-05,0.15552967690931824,0.261233334439314,0.19781315258952373,0.21394732699725058,0.17495300034884734,0.17856344292052734
c2_k4p10_seed364,one_round,true,true,true,true,40,1.6704968532415403e-05,0.07608215522774117,0.06730245228465576,0.0,0.0,0.0,1.6704968532415403e-05,0.0,0.0,1.6704968532415403e-05,0.15552967690931824,0.261233334439314,0.19781315258952373,0.21394732699725058,0.17495300034884734,0.17856344292052734
c2_k4p10_seed364,one_round,x0.1,current,fitted,fitted,40,-0.00010533342743491991,0.07103458390182268,0.0611100235710597,0.001714391680187484,0.016860271180202495,0.005710306335494129,0.005604972908059195,0.007424698015681609,0.022570577515696622,-0.0018197251076224493,0.029370908340626604,0.12635608209219445,0.19696090172011133,0.2006496724320735,0.1913894601086846,0.18259065034455257
c2_k4p10_seed364,one_round,x0.1,lambda_1se,fitted,fitted,40,0.000624570046162578,0.06987475114373497,0.0614859550729636,0.0024442951537849518,0.016178156742937773,0.005444303135072686,0.006068873181235211,0.00788859828885764,0.02162245987801046,-0.0018197251076224464,0.029370908340626604,0.12635608209219445,0.19696090172011133,0.2006496724320735,0.1913894601086846,0.18259065034455257
c2_k4p10_seed364,one_round,x0.1,zero,fitted,fitted,40,-0.0006022675756689862,0.07248977293190732,0.05665689005727645,0.0012174575319533914,0.017097785463022735,0.0065808666517725555,0.005978599076103553,0.0077983241837259465,0.023678652114795307,-0.0018197251076224464,0.029370908340626604,0.12635608209219445,0.19696090172011133,0.2006496724320735,0.1913894601086846,0.18259065034455257
c2_k4p10_seed364,one_round,x10,current,fitted,fitted,40,-0.018824141724153292,0.06353503602004713,0.05105427594919895,-0.01933195521623187,-0.013529473108295543,0.005710306335494129,-0.013113835388659168,-0.013621648880737738,-0.007819166772801398,0.0005078134920785772,-0.001755030966256236,0.038349265838676524,0.19541053165133254,0.16992314303789252,0.19579541894692434,0.16792651808210812
c2_k4p10_seed364,one_round,x10,lambda_1se,fitted,fitted,40,-0.01852432858150155,0.062061560125943396,0.0467014700061448,-0.019032142073580133,-0.014172812343165992,0.005444303135072686,-0.013080025446428886,-0.013587838938507457,-0.008728509208093283,0.0005078134920785772,-0.001755030966256236,0.038349265838676524,0.19541053165133254,0.16992314303789252,0.19579541894692434,0.16792651808210812
c2_k4p10_seed364,one_round,x10,zero,fitted,fitted,40,-0.017003812162801966,0.06480029072219062,0.0530857958569835,-0.017511625654880524,-0.011704493186752665,0.0065808666517725555,-0.010422945511029416,-0.01093075900310798,-0.005123626534980099,0.0005078134920785772,-0.001755030966256236,0.038349265838676524,0.19541053165133254,0.16992314303789252,0.19579541894692434,0.16792651808210812
c2_k4p10_seed364,one_round,zero,current,fitted,fitted,40,0.0009307530703636713,0.07195888520844958,0.0619224109987261,0.0028486357420462213,0.01900237146837009,0.005710306335494129,0.006641059405857824,0.008558942077540354,0.02471267780386425,-0.0019178826716825133,0.03156730497246544,0.13322627385575775,0.20031988350134186,0.20749292495111438,0.1940928972930284,0.18733347194615593
c2_k4p10_seed364,one_round,zero,lambda_1se,fitted,fitted,40,0.0016453678074895514,0.0708980913036881,0.0620891987808484,0.0035632504791721017,0.01827317351254576,0.005444303135072686,0.007089670942562254,0.00900755361424479,0.02371747664761847,-0.0019178826716825133,0.03156730497246544,0.13322627385575775,0.20031988350134186,0.20749292495111438,0.1940928972930284,0.18733347194615593
c2_k4p10_seed364,one_round,zero,zero,fitted,fitted,40,0.0003716251998329777,0.07332641730569196,0.05679536421694475,0.0022895078715154883,0.01927338856154846,0.0065808666517725555,0.006952491851605519,0.008870374523288042,0.02585425521332101,-0.0019178826716825161,0.03156730497246544,0.13322627385575775,0.20031988350134186,0.20749292495111438,0.1940928972930284,0.18733347194615593
c2_k4p10_seed364,two_round,current,current,fitted,fitted,40,-0.00412436998135057,0.06754283273308329,0.0525419879697698,-0.0034057414229402595,0.006008355545909766,0.004499723124810581,0.00037535314346000064,0.0010939817018703216,0.01050807867072035,-0.0007186285584102198,0.016104406803581633,0.08704295945397364,0.18211831251129823,0.1682908326983745,0.17971132789095196,0.1598550098760932
c2_k4p10_seed364,two_round,current,lambda_1se,fitted,fitted,40,-0.004815525247257435,0.06739681018027274,0.0525419879697698,-0.004096896688847116,0.004377982026868196,0.004932351153263247,0.00011682590600580397,0.0008354544644161228,0.00931033318013145,-0.0007186285584102198,0.016104406803581633,0.08704295945397364,0.18211831251129823,0.1682908326983745,0.17971132789095196,0.1598550098760932
c2_k4p10_seed364,two_round,current,true,fitted,true,40,-0.0007186285584102226,0.06807270696560905,0.05831742999196445,0.0,0.0,0.0,-0.0007186285584102226,0.0,0.0,-0.0007186285584102226,0.016104406803581633,0.08704295945397364,0.18211831251129823,0.1682908326983745,0.17971132789095196,0.1598550098760932
c2_k4p10_seed364,two_round,current,zero,fitted,fitted,40,-0.0057041827789065126,0.0704364572050398,0.048734892983152,-0.004985554220496282,0.005489839377493435,0.006303985004521236,0.000599802225614645,0.0013184307840249487,0.011793824382014682,-0.0007186285584102184,0.016104406803581633,0.08704295945397364,0.18211831251129823,0.1682908326983745,0.17971132789095196,0.1598550098760932
c2_k4p10_seed364,two_round,true,current,true,fitted,40,-0.0024693363040539083,0.07508429269095049,0.058003988263126055,-0.002486041272586265,0.01175376975330929,0.004499723124810581,0.0020303868207567216,0.002013681852224326,0.016253492878119884,1.6704968532416792e-05,0.15552967690931824,0.261233334439314,0.19781315258952373,0.21394732699725058,0.17495300034884734,0.17856344292052734
c2_k4p10_seed364,two_round,true,true,true,true,40,1.6704968532415403e-05,0.07608215522774117,0.06730245228465576,0.0,0.0,0.0,1.6704968532415403e-05,0.0,0.0,1.6704968532415403e-05,0.15552967690931824,0.261233334439314,0.19781315258952373,0.21394732699725058,0.17495300034884734,0.17856344292052734
c2_k4p10_seed364,two_round,x0.1,current,fitted,fitted,40,0.001872450836786832,0.0705434556750745,0.06256871476370506,0.0035609771464185152,0.018420896024383498,0.004499723124810581,0.006372173961597396,0.008060700271229109,0.022920619149194094,-0.0016885263096317385,0.030428507757850692,0.12828614219820492,0.19718466070957502,0.20180787186001342,0.19144890251322005,0.18322832990728613
c2_k4p10_seed364,two_round,x0.1,lambda_1se,fitted,fitted,40,0.0011675193515425634,0.07017212805341363,0.061173720870840304,0.002856045661174271,0.016692891072854744,0.004932351153263247,0.006099870504805802,0.007788396814437534,0.021625242226117995,-0.0016885263096317383,0.030428507757850692,0.12828614219820492,0.19718466070957502,0.20180787186001342,0.19144890251322005,0.18322832990728613
c2_k4p10_seed364,two_round,x0.1,zero,fitted,fitted,40,-0.0005173265658683736,0.07275363464085341,0.0562055523377492,0.0011711997437633126,0.017525555439866763,0.006303985004521236,0.0057866584386528416,0.0074751847482845465,0.02382954044438801,-0.0016885263096317338,0.030428507757850692,0.12828614219820492,0.19718466070957502,0.20180787186001342,0.19144890251322005,0.18322832990728613
c2_k4p10_seed364,two_round,x10,current,fitted,fitted,40,-0.015115727861054539,0.06042900260804461,0.044438777675879254,-0.016529119045527275,-0.011204404526373488,0.004499723124810581,-0.010616004736243958,-0.012029395920716692,-0.006704681401562901,0.0014133911844727177,0.00032853401331276854,0.039304528671058415,0.1956937463265265,0.1687109460086538,0.1956989963920636,0.16657764210548726
c2_k4p10_seed364,two_round,x10,lambda_1se,fitted,fitted,40,-0.015871418851635795,0.060516891790293736,0.044438777675879254,-0.01728481003610852,-0.012661768063176865,0.004932351153263247,-0.010939067698372565,-0.01235245888284527,-0.007729416909913613,0.0014133911844727196,0.00032853401331276854,0.039304528671058415,0.1956937463265265,0.1687109460086538,0.1956989963920636,0.16657764210548726
c2_k4p10_seed364,two_round,x10,zero,fitted,fitted,40,-0.014866334103364886,0.06311507272388794,0.043343014889729845,-0.016279725287837617,-0.010433823075538886,0.006303985004521236,-0.008562349098843649,-0.009975740283316383,-0.004129838071017635,0.0014133911844727155,0.00032853401331276854,0.039304528671058415,0.1956937463265265,0.1687109460086538,0.1956989963920636,0.16657764210548726
c2_k4p10_seed364,two_round,zero,current,fitted,fitted,40,0.0026131215714583025,0.07130589464607115,0.0633789404539801,0.004585306020400184,0.020246653521316774,0.004499723124810581,0.007112844696268827,0.009085029145210788,0.024746376646127322,-0.0019721844489419427,0.03240851500107271,0.13436147841825993,0.20059761611281393,0.20794969991024428,0.1942341198735831,0.18755753960712704
c2_k4p10_seed364,two_round,zero,lambda_1se,fitted,fitted,40,0.0019014359566400288,0.07091969901041603,0.061941582144191154,0.0038736204055819052,0.01848757149392221,0.004932351153263247,0.006833787109903211,0.008805971558845157,0.023419922647185443,-0.001972184448941943,0.03240851500107271,0.13436147841825993,0.20059761611281393,0.20794969991024428,0.1942341198735831,0.18755753960712704
c2_k4p10_seed364,two_round,zero,zero,fitted,fitted,40,0.00015585619804076093,0.07320294785633749,0.05655928722716405,0.002128040646982635,0.019338123675199857,0.006303985004521236,0.0064598412025619915,0.008432025651503871,0.02564210867972107,-0.0019721844489419406,0.03240851500107271,0.13436147841825993,0.20059761611281393,0.20794969991024428,0.1942341198735831,0.18755753960712704
c2_k4p50_seed484,one_round,current,current,fitted,fitted,40,-0.023818532033641746,0.06381998351070156,0.05598456614985175,-0.003645662208650585,-0.003965579968939151,0.023482845836417535,-0.0003356861972242147,0.019837183627766965,0.019517265867478383,-0.02017286982499117,0.02614711601422471,0.05248671269339507,0.18069116659820808,0.14747301079073144,0.17703527604234717,0.14331662172975862
c2_k4p50_seed484,one_round,current,lambda_1se,fitted,fitted,40,-0.0230049612563398,0.06356723423086005,0.0548412078973429,-0.0028320914313486206,-0.0036472786090902404,0.022656034143536948,-0.00034892711280288294,0.019823942712188337,0.019008755534446704,-0.020172869824991193,0.02614711601422471,0.05248671269339507,0.18069116659820808,0.14747301079073144,0.17703527604234717,0.14331662172975862
c2_k4p50_seed484,one_round,current,true,fitted,true,40,-0.02017286982499119,0.06569631798949936,0.0610962225586892,0.0,0.0,0.0,-0.02017286982499119,0.0,0.0,-0.02017286982499119,0.02614711601422471,0.05248671269339507,0.18069116659820808,0.14747301079073144,0.17703527604234717,0.14331662172975862
c2_k4p50_seed484,one_round,current,zero,fitted,fitted,40,-0.01507918579997335,0.061714903198448336,0.05492089779068515,0.005093684025017854,-0.001747292901973741,0.016505214313947265,0.0014260285139739166,0.021598898338965118,0.014757921411973523,-0.020172869824991193,0.02614711601422471,0.05248671269339507,0.18069116659820808,0.14747301079073144,0.17703527604234717,0.14331662172975862
c2_k4p50_seed484,one_round,true,current,true,fitted,40,-0.013964793640552134,0.0698702880363561,0.049817646625304995,0.008500987401811705,0.01743937306782763,0.023482845836417535,0.009518052195865396,0.031983833238229245,0.04092221890424517,-0.022465781042363863,0.2007125109848853,0.2663728605090462,0.2029368574539387,0.17311665879417576,0.17628740829863726,0.14785780872494375
c2_k4p50_seed484,one_round,true,true,true,true,40,-0.022465781042363887,0.07144194632170284,0.05883589405960595,0.0,0.0,0.0,-0.022465781042363887,0.0,0.0,-0.022465781042363887,0.2007125109848853,0.2663728605090462,0.2029368574539387,0.17311665879417576,0.17628740829863726,0.14785780872494375
c2_k4p50_seed484,one_round,x0.1,current,fitted,fitted,40,-0.018827362695593708,0.08868037923812623,0.0848773645092563,0.00794383178277704,0.0064711251791375575,0.023482845836417535,0.004655483140823841,0.03142667761919457,0.029953971015555088,-0.026771194478370786,0.17895077368950685,0.22584839463212997,0.2417140484249193,0.198674898725117,0.2077862138044846,0.16981554679114472
c2_k4p50_seed484,one_round,x0.1,lambda_1se,fitted,fitted,40,-0.01776663879110256,0.08856720584692543,0.08890097926195735,0.009004555687268226,0.006939132353227367,0.022656034143536948,0.004889395352434404,0.03166058983080515,0.02959516649676431,-0.026771194478370765,0.17895077368950685,0.22584839463212997,0.2417140484249193,0.198674898725117,0.2077862138044846,0.16981554679114472
c2_k4p50_seed484,one_round,x0.1,zero,fitted,fitted,40,-0.012755759266673255,0.08954072041667455,0.08044656800617911,0.0140154352116975,0.0031897625387634436,0.016505214313947265,0.0037494550472740537,0.03052064952564474,0.01969497685271068,-0.026771194478370765,0.17895077368950685,0.22584839463212997,0.2417140484249193,0.198674898725117,0.2077862138044846,0.16981554679114472
c2_k4p50_seed484,one_round,x10,current,fitted,fitted,40,-0.029773584303829547,0.06733809657703611,0.06260424568105336,-0.01474236230356571,-0.012693015969809934,0.023482845836417535,-0.006290738467411995,0.008740483532851815,0.010789829866607613,-0.01503122200026381,-3.0525390745499145e-05,0.004306976181234706,0.177404399677392,0.14371894282978662,0.17742116395540306,0.14361965237500268
c2_k4p50_seed484,one_round,x10,lambda_1se,fitted,fitted,40,-0.028658942804518934,0.06646723765467225,0.06128108089049335,-0.013627720804255134,-0.012242501019152316,0.022656034143536948,-0.006002908660982029,0.009028313339281804,0.010413533124384646,-0.015031222000263805,-3.0525390745499145e-05,0.004306976181234706,0.177404399677392,0.14371894282978662,0.17742116395540306,0.14361965237500268
c2_k4p50_seed484,one_round,x10,zero,fitted,fitted,40,-0.021298324028526598,0.06259854550948381,0.05186267176184405,-0.006267102028262805,-0.009606303573225233,0.016505214313947265,-0.00479310971457936,0.010238112285684452,0.006898910740722022,-0.01503122200026379,-3.0525390745499145e-05,0.004306976181234706,0.177404399677392,0.14371894282978662,0.17742116395540306,0.14361965237500268
c2_k4p50_seed484,one_round,zero,current,fitted,fitted,40,-0.016369835076447938,0.09600897212364776,0.09777775766930945,0.01095230322246971,0.009027281624892105,0.023482845836417535,0.007113010759969497,0.03443514905888725,0.03251012746130962,-0.02732213829891767,0.22116954464178912,0.27219778080596135,0.26382570086937995,0.21749074401573515,0.21839123752132433,0.17873370720557533
c2_k4p50_seed484,one_round,zero,lambda_1se,fitted,fitted,40,-0.015281720340077482,0.09591087556338637,0.0950666836482073,0.012040417958840161,0.00950975133675466,0.022656034143536948,0.007374313803459388,0.03469645210237712,0.03216578548029157,-0.02732213829891767,0.22116954464178912,0.27219778080596135,0.26382570086937995,0.21749074401573515,0.21839123752132433,0.17873370720557533
c2_k4p50_seed484,one_round,zero,zero,fitted,fitted,40,-0.010457129915626055,0.097895750954073,0.09307544015222255,0.01686500838329162,0.004431981483896938,0.016505214313947265,0.00604808439832118,0.0333702226972389,0.020937195797844196,-0.02732213829891767,0.22116954464178912,0.27219778080596135,0.26382570086937995,0.21749074401573515,0.21839123752132433,0.17873370720557533
c2_k4p50_seed484,two_round,current,current,fitted,fitted,40,-0.024275186730659766,0.06407826025106964,0.059212321596899944,-0.003191476440520697,-0.003017290720871893,0.02263630796805103,-0.0016388787626087128,0.019444831527530335,0.019619017247179134,-0.021083710290139022,0.027033842619704623,0.054360148717058965,0.1807892545816963,0.14801826230348206,0.17711869829249902,0.1436483985173518
c2_k4p50_seed484,two_round,current,lambda_1se,fitted,fitted,40,-0.023549246085846548,0.06410827688829467,0.059212321596899944,-0.002465535795707467,-0.0028850560747728004,0.022601952328822165,-0.0009472937570243629,0.020136416533114692,0.01971689625404937,-0.021083710290139022,0.027033842619704623,0.054360148717058965,0.1807892545816963,0.14801826230348206,0.17711869829249902,0.1436483985173518
c2_k4p50_seed484,two_round,current,true,fitted,true,40,-0.021083710290139022,0.06599880012193676,0.060262782047132646,0.0,0.0,0.0,-0.021083710290139022,0.0,0.0,-0.021083710290139022,0.027033842619704623,0.054360148717058965,0.1807892545816963,0.14801826230348206,0.17711869829249902,0.1436483985173518
c2_k4p50_seed484,two_round,current,zero,fitted,fitted,40,-0.016246378575124683,0.06206902112892613,0.0514035314975808,0.0048373317150143536,-0.0017133572701964251,0.01668998792846354,0.00044360935333887343,0.0215273196434779,0.014976630658267135,-0.021083710290139022,0.027033842619704623,0.054360148717058965,0.1807892545816963,0.14801826230348206,0.17711869829249902,0.1436483985173518
c2_k4p50_seed484,two_round,true,current,true,fitted,40,-0.014079499808640655,0.07027262899077864,0.05209402855744864,0.008386281233723232,0.017557368059684213,0.02263630796805103,0.00855680815941037,0.03102258920177427,0.04019367602773524,-0.022465781042363863,0.2007125109848853,0.2663728605090462,0.2029368574539387,0.17311665879417576,0.17628740829863726,0.14785780872494375
c2_k4p50_seed484,two_round,true,true,true,true,40,-0.022465781042363887,0.07144194632170284,0.05883589405960595,0.0,0.0,0.0,-0.022465781042363887,0.0,0.0,-0.022465781042363887,0.2007125109848853,0.2663728605090462,0.2029368574539387,0.17311665879417576,0.17628740829863726,0.14785780872494375
c2_k4p50_seed484,two_round,x0.1,current,fitted,fitted,40,-0.018812705856005023,0.08763063002545732,0.0854035384048096,0.007644417823799458,0.006594108454316808,0.02263630796805103,0.0038236021120460844,0.030280725791850493,0.02923041642236781,-0.026457123679804417,0.1788690829551029,0.2258616911515126,0.24194603032679898,0.19881490404112404,0.20803266002565537,0.16990361272639964
c2_k4p50_seed484,two_round,x0.1,lambda_1se,fitted,fitted,40,-0.017522708466978548,0.088137681246994,0.0876518437853048,0.008934415212825866,0.007110681038659678,0.022601952328822165,0.005079243861843616,0.03153636754164805,0.02971263336748183,-0.026457123679804424,0.1788690829551029,0.2258616911515126,0.24194603032679898,0.19881490404112404,0.20803266002565537,0.16990361272639964
c2_k4p50_seed484,two_round,x0.1,zero,fitted,fitted,40,-0.013570553493045484,0.08880542926949773,0.08311210843831546,0.012886570186758903,0.002751225841406393,0.01668998792846354,0.0031194344354180006,0.029576558115222466,0.01944121376986996,-0.026457123679804417,0.1788690829551029,0.2258616911515126,0.24194603032679898,0.19881490404112404,0.20803266002565537,0.16990361272639964
c2_k4p50_seed484,two_round,x10,current,fitted,fitted,40,-0.029392613515450562,0.066919801358621,0.061109468854239804,-0.014367011362669449,-0.012369625536026276,0.02263630796805103,-0.006756305547399552,0.008269296605381568,0.010266682432024762,-0.015025602152781125,-0.00023110076210421937,0.004099338401379523,0.17737893870879867,0.143701100698764,0.17742116395540306,0.14361965237500268
c2_k4p50_seed484,two_round,x10,lambda_1se,fitted,fitted,40,-0.028651879329283758,0.06645679225325156,0.06130286795882024,-0.013626277176502628,-0.012238817974921936,0.022601952328822165,-0.00604992700046159,0.008975675152319522,0.010363134353900233,-0.01502560215278113,-0.00023110076210421937,0.004099338401379523,0.17737893870879867,0.143701100698764,0.17742116395540306,0.14361965237500268
c2_k4p50_seed484,two_round,x10,zero,fitted,fitted,40,-0.021786454836501164,0.06286631850125464,0.05226751256568675,-0.006760852683719986,-0.009960713344061161,0.01668998792846354,-0.005096466908037561,0.00992913524474356,0.006729274584402381,-0.015025602152781129,-0.00023110076210421937,0.004099338401379523,0.17737893870879867,0.143701100698764,0.17742116395540306,0.14361965237500268
c2_k4p50_seed484,two_round,zero,current,fitted,fitted,40,-0.016803648688532766,0.09512206309548889,0.09795326801823301,0.010480562801084586,0.008742552081489153,0.02263630796805103,0.005832659279518255,0.0331168707691356,0.03137886004954017,-0.027284211489617342,0.22086876880664116,0.27121073808764445,0.26376366377566335,0.21725194909138276,0.2183943546184414,0.17866888036088185
c2_k4p50_seed484,two_round,zero,lambda_1se,fitted,fitted,40,-0.015353894946977328,0.09576068945117937,0.0938598446703062,0.011930316542640002,0.009359791078375439,0.022601952328822165,0.007248057381844868,0.03453226887146217,0.031961743407197596,-0.027284211489617342,0.22086876880664116,0.27121073808764445,0.26376366377566335,0.21725194909138276,0.2183943546184414,0.17866888036088185
c2_k4p50_seed484,two_round,zero,zero,fitted,fitted,40,-0.011533893036843748,0.09753572779029406,0.09445280554953656,0.01575031845277363,0.003704347140352316,0.01668998792846354,0.005156094891619739,0.032440306381237134,0.020394335068815845,-0.02728421148961731,0.22086876880664116,0.27121073808764445,0.26376366377566335,0.21725194909138276,0.2183943546184414,0.17866888036088185
