tag,mode,current_source_bias,current_required_delta,current_observed_delta,current_model_delta_true_pi,current_intercept_gap_true_pi,current_raw_z_gap_true_pi,best_gamma_label,best_alpha_label,best_gamma_basis,best_alpha_basis,best_source_bias,best_required_delta,best_observed_delta,best_model_delta_true_pi
c2quick_k3p10_seed120,one_round,-0.015500934017859605,0.015389393260186795,-0.00011154075767282149,0.011575518908282744,0.019540692012738375,0.1380520193654529,true,current,true,fitted,-0.0008962196112669521,0.015389393260186795,0.014493173648919838,0.02503225986503933
c2quick_k3p10_seed120,two_round,-0.016075259814236558,0.015489611691067691,-0.000585648123168872,0.011450365252714804,0.020467231184553323,0.13833952324112306,raw_true,current,true,fitted,0.0008861831028086106,0.015489611691067691,0.01637579479387636,0.027856916015044975
c2quick_k3p10_seed220,one_round,-0.02366419791872637,0.023835034154297996,0.00017083623557162948,0.016002493131957826,0.016352656814627123,0.15639302829117135,current,true,fitted,true,-0.016830703148692488,0.0,-0.016830703148692488,0.0
c2quick_k3p10_seed220,two_round,-0.023738210821463313,0.025864453476994155,0.0021262426555308713,0.018159441129502588,0.015860020011162795,0.15692459595652278,current,true,fitted,true,-0.016749619820832052,0.0,-0.016749619820832052,0.0
c2quick_k3p10_seed340,one_round,-0.01912885006685523,0.01950075747822967,0.00037190741137438864,0.013791220012349633,-0.02753655009466459,0.12455224768068156,current,true,fitted,true,-0.011287069779586647,0.0,-0.011287069779586647,0.0
c2quick_k3p10_seed340,two_round,-0.018828954205551283,0.01980101978259791,0.0009720655770466783,0.014295523088706272,-0.026538830237427938,0.12542348039363285,current,true,fitted,true,-0.010964148878304087,0.0,-0.010964148878304087,0.0
c2quick_k3p10_seed40,one_round,-0.015483182467053163,0.01678321107273049,0.0013000286056773275,0.0067029921193083285,0.0007248164894386329,0.1367675096710405,zero,lambda_1se,fitted,fitted,-0.0054813754071371245,0.016735247427738253,0.011253872020601094,0.012559522939617892
c2quick_k3p10_seed40,two_round,-0.016203397894609593,0.01629856851229173,9.517061768212996e-05,0.0053898643425662664,0.0003471809593170728,0.1369794213526852,zero,lambda_1se,fitted,fitted,-0.005622963619267807,0.01607644845854748,0.010453484839279588,0.011845862493175131
c2quick_k3p10_seed460,one_round,-0.0068275323910359466,0.005217270680236835,-0.0016102617107991016,-0.0029649975956242956,0.0044881449506031425,0.13567206625712097,true,current,true,fitted,0.00012214868325132846,0.005217270680236835,0.005339419363488168,0.00644571882132923
c2quick_k3p10_seed460,two_round,-0.005187444819561449,0.005203740848832698,1.6296029271279287e-05,-0.002374158012819481,0.003789605957308625,0.13740492228120174,x10,lambda_1se,fitted,fitted,0.00021046917652697405,0.007104504485615879,0.0073149736621428395,0.003722875583347357
c2quick_k4p10_seed364,one_round,-0.009002907781439029,0.00848923085235974,-0.0005136769290793319,0.005363388433314909,0.041831356845489866,0.14810120407125776,raw_true,true,true,true,1.6704968532415403e-05,0.0,1.6704968532415403e-05,0.0
c2quick_k4p10_seed364,two_round,-0.006832803659360986,0.007510362007536342,0.0006775583481753118,0.005895912390908013,0.04262631932619128,0.14837068413074322,raw_true,true,true,true,1.6704968532415403e-05,0.0,1.6704968532415403e-05,0.0
c2quick_k4p10_seed464,one_round,-0.029841473667639833,0.030302207887119105,0.00046073421947926687,0.029722119307142008,0.006418889920767367,0.14260973012573283,true,true,true,true,-0.02379279958913442,0.0,-0.02379279958913442,0.0
c2quick_k4p10_seed464,two_round,-0.029713064827622353,0.029222036237463035,-0.0004910285901592974,0.02897206287390608,0.005844126670794503,0.14333851404727013,true,true,true,true,-0.02379279958913442,0.0,-0.02379279958913442,0.0
c2quick_k4p10_seed564,one_round,-0.010728420592538762,0.011584280993637362,0.0008558604010986274,0.008398635806294328,0.013153225228678522,0.14352201574796306,true,current,true,fitted,0.001652177233452287,0.011584280993637362,0.013236458227089626,0.019855727640161365
c2quick_k4p10_seed564,two_round,-0.011545989699516871,0.01149684998126576,-4.913971825110802e-05,0.007515737329682226,0.0156510798398179,0.1445172622214259,true,current,true,fitted,0.0005895886333960069,0.01149684998126576,0.012086438614661828,0.018893906694948337
