K,p,seed,kf,tag,mode,n_fold_source,mean_gamma_intercept_abs,mean_gamma_linf,mean_alpha_init_intercept_abs,mean_alpha_init_linf,mean_alpha_final_gamma_intercept_abs,mean_alpha_final_gamma_linf,mean_required_delta,mean_observed_delta,mean_model_delta_true_pi,mean_source_bias_observed,mean_source_bias_model_true_pi,mean_intercept_gap_true_pi,source_file
3,10,120,10,c2score_k3p10_seed120,one_round,30,2.3698681227675e-05,0.0255017101703129,5.89601657896729e-05,0.0322606536903144,0.00139551303261701,0.0327015310084743,0.0153625063341018,-0.000497703400374949,0.0109774853982121,-0.0158602097344767,-0.00438502093588963,0.0209855441540159,c2score_k3p10_seed120_n5000_K3_p10_seed120_kf10_score_summary.csv
3,10,120,10,c2score_k3p10_seed120,two_round,30,2.41900080457882e-05,0.0275749681242396,6.10214318889171e-05,0.0311627718542365,0.00180428726500027,0.0309165771011414,0.0155202504997534,0.000658237870627841,0.012594390672887,-0.0148620126291256,-0.00292585982686646,0.0209498241450585,c2score_k3p10_seed120_n5000_K3_p10_seed120_kf10_score_summary.csv
3,10,220,10,c2score_k3p10_seed220,one_round,30,1.72943480985173e-05,0.0275720429781571,6.68341704500995e-05,0.0302790661413793,0.00234882213657164,0.0298624547847294,0.0251957545947566,0.00119190609941664,0.0158336122151666,-0.0240038484953399,-0.00936214237958998,0.0163402827135376,c2score_k3p10_seed220_n5000_K3_p10_seed220_kf10_score_summary.csv
3,10,220,10,c2score_k3p10_seed220,two_round,30,1.61470272542843e-05,0.0263748806144978,7.06635410702922e-05,0.0291481188328794,0.0018523203864698,0.0295036847805199,0.0249409883701724,0.000320570847028719,0.0165314891474844,-0.0246204175231437,-0.00840949922268806,0.0145909436177012,c2score_k3p10_seed220_n5000_K3_p10_seed220_kf10_score_summary.csv
3,10,40,10,c2score_k3p10_seed40,one_round,30,1.22852959939182e-05,0.0282082413400366,0.000105851866891974,0.0307867590598548,0.0031681842594844,0.0313210622697762,0.015229631231385,-0.000689576438599033,0.00511685606370709,-0.015919207669984,-0.0101127751676779,0.000762857124616371,c2score_k3p10_seed40_n5000_K3_p10_seed40_kf10_score_summary.csv
3,10,40,10,c2score_k3p10_seed40,two_round,30,1.45957221971666e-05,0.0225397584950875,0.000105314455814162,0.029372190478728,0.00285045478818499,0.0292533762852237,0.0157158943331345,-0.00103679302861713,0.00504923035820378,-0.0167526873617516,-0.0106666639749307,-0.000382598489137494,c2score_k3p10_seed40_n5000_K3_p10_seed40_kf10_score_summary.csv
4,10,364,10,c2score_k4p10_seed364,one_round,40,1.94292869894599e-05,0.0277433584094021,0.000122416609615572,0.0376486001082436,0.00172567283173195,0.0376513853300778,0.00761698002172302,-0.00141727899403181,0.00449198756280459,-0.00903425901575484,-0.00312499245891844,0.0440502589562466,c2score_k4p10_seed364_n5000_K4_p10_seed364_kf10_score_summary.csv
4,10,364,10,c2score_k4p10_seed364,two_round,40,1.91900063926065e-05,0.0276230069568577,0.000124085136642687,0.0330795408518568,0.0017853874260837,0.0332548885501692,0.00735286684366519,0.000224429588516594,0.00529276028692333,-0.0071284372551486,-0.00206010655674186,0.0440063752273559,c2score_k4p10_seed364_n5000_K4_p10_seed364_kf10_score_summary.csv
4,10,464,10,c2score_k4p10_seed464,one_round,40,2.14162038294802e-05,0.0259987428267171,0.000101907369596013,0.0376788001046407,0.00108774913688514,0.0378469033615098,0.030445618233401,0.00116683736344361,0.0295916418428864,-0.0292787808699574,-0.000853976390514575,0.00617160818595314,c2score_k4p10_seed464_n5000_K4_p10_seed464_kf10_score_summary.csv
4,10,464,10,c2score_k4p10_seed464,two_round,40,1.99130743241506e-05,0.026120593691603,0.000102559729109794,0.0372488286431716,0.00107041376618181,0.0375786955077054,0.0306197011453338,-0.0003559797443449,0.0291085850945247,-0.0309756808896787,-0.00151111605080916,0.00594479609611296,c2score_k4p10_seed464_n5000_K4_p10_seed464_kf10_score_summary.csv
