K,p,seed,kf,tag,mode,estimate,truth_superpopulation,bias_vs_superpopulation,se,target_estimate,target_bias_vs_superpopulation,weight_sum,source_file
3,10,120,10,c2score_k3p10_seed120,one_round,0.553306512616188,0.585287747338966,-0.0319812347227784,0.0107935545915944,0.537431561166455,-0.0478561861725113,0.657945266481266,c2score_k3p10_seed120_n5000_K3_p10_seed120_kf10_run_summary.csv
3,10,120,10,c2score_k3p10_seed120,two_round,0.557818546904058,0.585287747338966,-0.0274692004349084,0.0107845483049072,0.537863600081982,-0.0474241472569842,0.663297649370352,c2score_k3p10_seed120_n5000_K3_p10_seed120_kf10_run_summary.csv
3,10,220,10,c2score_k3p10_seed220,one_round,0.567669066414803,0.585287747338966,-0.0176186809241639,0.0102360665338992,0.566975680476438,-0.018312066862528,0.697649310049878,c2score_k3p10_seed220_n5000_K3_p10_seed220_kf10_run_summary.csv
3,10,220,10,c2score_k3p10_seed220,two_round,0.565393740574471,0.585287747338966,-0.0198940067644949,0.0104246628694045,0.566018791419591,-0.0192689559193752,0.688630739212983,c2score_k3p10_seed220_n5000_K3_p10_seed220_kf10_run_summary.csv
3,10,40,10,c2score_k3p10_seed40,one_round,0.56419527723495,0.585287747338966,-0.0210924701040159,0.0103963088359981,0.542532316615109,-0.042755430723857,0.703040631672769,c2score_k3p10_seed40_n5000_K3_p10_seed40_kf10_run_summary.csv
3,10,40,10,c2score_k3p10_seed40,two_round,0.562807929393883,0.585287747338966,-0.0224798179450832,0.0104286863147775,0.540522700131584,-0.0447650472073827,0.702603320136333,c2score_k3p10_seed40_n5000_K3_p10_seed40_kf10_run_summary.csv
4,10,364,10,c2score_k4p10_seed364,one_round,0.56625140890183,0.592694377222588,-0.0264429683207577,0.0104815258413103,0.542167895631726,-0.0505264815908618,0.730888347438274,c2score_k4p10_seed364_n5000_K4_p10_seed364_kf10_run_summary.csv
4,10,364,10,c2score_k4p10_seed364,two_round,0.553325041021414,0.592694377222588,-0.0393693362011734,0.0117902627180203,0.541146982837228,-0.0515473943853598,0.667837227106182,c2score_k4p10_seed364_n5000_K4_p10_seed364_kf10_run_summary.csv
4,10,464,10,c2score_k4p10_seed464,one_round,0.57070587528597,0.592694377222588,-0.0219885019366178,0.0101343524990301,0.606444057771742,0.0137496805491547,0.745455552319701,c2score_k4p10_seed464_n5000_K4_p10_seed464_kf10_run_summary.csv
4,10,464,10,c2score_k4p10_seed464,two_round,0.569588427993591,0.592694377222588,-0.0231059492289968,0.0101223180349743,0.606916245063066,0.014221867840478,0.745914057664032,c2score_k4p10_seed464_n5000_K4_p10_seed464_kf10_run_summary.csv
