K,mode,source,n_fold_rows,mean_required_delta,mean_observed_delta,mean_model_delta_true_pi,mean_source_bias_observed,mean_source_bias_model_true_pi,mean_outcome_noise_delta,mean_intercept_gap_true_pi,mean_weight_mean_treated,max_weight_max,mean_gamma_linf,mean_alpha_init_linf,mean_alpha_final_gamma_linf
3,one_round,s1,30,-0.01634227074477401,0.0007099603467533106,-0.008700347515595726,0.017052231091527318,0.0076419232291782815,0.008424210270284309,0.04273090637099576,1.9956507687456384,6.74832223794547,0.02645818389907414,0.030564295068554872,0.03161659065559424
3,one_round,s2,30,0.04369142878402674,-0.0018965891917575022,0.016560948711418565,-0.04558801797578422,-0.027130480072608144,-0.021593837232468365,0.0017919715104676376,2.3463019338997944,8.85577394236709,0.0326601101869819,0.034549302904674166,0.033822221759166375
3,one_round,s3,30,0.02843873412099061,0.001191255105446798,0.024067352481262985,-0.02724747901554384,-0.004371381639727639,-0.023453001057104263,-0.0064341938892934995,1.9195019842465701,3.60437119071858,0.02216370040245058,0.028212880918319434,0.028446235648219364
3,two_round,s1,30,-0.01662957834648797,7.11755383848665e-05,-0.008847491559646651,0.01670075388487285,0.007782086786841331,0.008439232376734445,0.04019331549990513,1.989179936005557,7.81912526635164,0.025051981653467757,0.03121725319301821,0.030804072086687465
3,two_round,s2,30,0.04462769820190416,-0.0011979506619710367,0.01825312226496143,-0.045825648863875156,-0.026374575936942736,-0.02284349428327242,0.00025969749220027975,2.343063755840347,9.28503173794088,0.030595124973673605,0.03343883300250341,0.03329399448048142
3,two_round,s3,30,0.028179013347644197,0.0010687908126256122,0.02476947947326038,-0.02711022253501858,-0.003409533874383808,-0.024073586766640235,-0.005294843718483237,1.923247929002741,3.49613763735371,0.020842500606683582,0.02502699497032229,0.025575571599716063
4,one_round,s1,20,0.023140767059734245,-0.0013729798271205588,0.03346775217182029,-0.024513746886854832,0.010326985112086032,-0.027681149846893904,-0.0002894931249539677,1.9115043417402806,3.16369961464489,0.030009793554569057,0.0361121216828007,0.036518921716335716
4,one_round,s2,20,0.01379824379006828,-0.0011960230514348684,-0.009036992611970726,-0.014994266841503168,-0.022835236402038998,0.005127362158169647,0.010197853060793714,2.491959245676461,2.64374612779152,0.026820851398569278,0.03799177913725625,0.037968123380179256
4,one_round,s3,20,0.05291365638952263,0.0017768509269928262,0.05107917351475657,-0.051136805462529814,-0.001834482874766076,-0.04636979129778113,0.036379909383283816,2.01088569827643,2.83561580522521,0.026488609625818192,0.04056123286716832,0.040904998386716004
4,one_round,s4,20,-0.013727470729077087,0.0002912686903862241,-0.007342674263224066,0.01401873941946341,0.006384796465853005,0.022217655761044557,0.05415546496527587,1.8577283732508771,12.9761366815941,0.02416494789328183,0.035989666738543244,0.03560453389994428
4,two_round,s1,20,0.02367559617753075,0.0006981387007619355,0.03434673955797938,-0.022977457476768853,0.010671143380448618,-0.027443766447351137,-0.0010702900043682605,1.9037766455547884,3.13675416009881,0.03083445718952834,0.03181347221530424,0.03220122446186201
4,two_round,s2,20,0.01341432752895417,-0.0004777651458239343,-0.008354144351753752,-0.013892092674778134,-0.021768471880707917,0.00517527211872368,0.010174134131332493,2.4919108743757734,2.64791482574274,0.026909670157350685,0.034770957008417355,0.03474329857229691
4,two_round,s3,20,0.052564849325078614,-0.0008452205449618371,0.05047922767991042,-0.05341006987004041,-0.0020856216451681665,-0.048304354900058244,0.03783663296753612,2.0128331119104166,3.17642549831194,0.023977391519966286,0.03874419740425882,0.0393342840509288
4,two_round,s4,20,-0.013709637053565493,0.00036174667836726576,-0.007669132123240034,0.014071383731932752,0.006040504930325437,0.02238042565395499,0.052961865552437426,1.8582176553673524,12.4555211128642,0.025765682430076126,0.03532811236207649,0.03538836103066147
