tag,mode,estimate,bias_vs_superpopulation,se,target_bias_vs_superpopulation,weight_sum
c2_k3p10_seed120,one_round,0.5568628985067,-0.0284248488322659,0.010911105989272,-0.0483419346168092,0.655021704497782
c2_k3p10_seed120,two_round,0.556889698210073,-0.0283980491288937,0.0107023274730903,-0.048307439288534,0.665974675627369
c2_k3p10_seed40,one_round,0.567807441212478,-0.0174803061264882,0.0103765391492724,-0.0439582903822708,0.704642377818861
c2_k3p10_seed40,two_round,0.567168035583591,-0.0181197117553754,0.0103845461469687,-0.0428592314649967,0.704833555355463
c2_k3p50_seed9,one_round,0.569607611887723,-0.0156801354512438,0.0103247192704371,-0.0388422643559381,0.695743248699011
c2_k3p50_seed9,two_round,0.566469896449936,-0.0188178508890302,0.0104732792879165,-0.0400519836880917,0.687234994898698
c2_k4p10_seed364,one_round,0.571177293303601,-0.0215170839189869,0.0104142757307909,-0.051611511530316,0.73408740183139
c2_k4p10_seed364,two_round,0.572688167723992,-0.0200062094985952,0.0113242377923616,-0.0497922004035017,0.672918635590448
c2_k4p50_seed484,one_round,0.562220598358951,-0.0304737788636367,0.0105162257418044,-0.03534338337725,0.739630477291193
c2_k4p50_seed484,two_round,0.555408056021811,-0.0372863212007762,0.0113210594836223,-0.0341945089773666,0.699102341338408
