"area","check","status","severity","file","detail"
"method_file","method_source","pass","info","docs/main.tex","No repository-level method.tex was found; using docs/main.tex as the method source."
"FACE_reference","sample_split_validation","fail","warning","docs/FACE.pdf","Could not find FACE sample-splitting validation language in extracted PDF text."
"FACE_reference","validation_summaries","fail","warning","docs/FACE.pdf","Could not find FACE validation-summary language in extracted PDF text."
"FACE_reference","five_fold_cv","fail","info","docs/FACE.pdf","Could not find FACE 5-fold CV language in extracted PDF text."
"SMMAL_reference","two_level_crossfit","fail","warning","docs/SMMAL.pdf","Could not find two-layer/two-level cross-fitting language in extracted SMMAL text."
"SMMAL_reference","out_of_two_folds","fail","warning","docs/SMMAL.pdf","Could not find out-of-two-fold initial fitting language in extracted SMMAL text."
"SMMAL_reference","calibrated_losses","fail","warning","docs/SMMAL.pdf","Could not find calibrated-loss language in extracted SMMAL text."
"main_tex","face_style_validation","pass","critical","docs/main.tex","docs/main.tex contains the FACE-style aggregation validation subsection."
"main_tex","smmal_fold_summed","pass","critical","docs/main.tex","docs/main.tex contains the fold-summed SMMAL-style calibration subsection."
"main_tex","inner_training_validation","pass","critical","docs/main.tex","docs/main.tex separates inner-training summaries from validation-fold scoring."
"implementation","aggregation_inner_cv_selector","pass","critical","R/cross_fitting_aggregation.R","Aggregation implementation uses the inner-CV selector."
"implementation","aggregation_train_val_split","pass","critical","R/cross_fitting_aggregation.R","Aggregation lambda CV trains weights on components[-m] and validates on components[[m]]."
"implementation","aggregation_validation_objective","pass","critical","R/cross_fitting_aggregation.R","Validation objective multiplies validation variance by validation sample size."
"implementation","aggregation_final_outer_training_weights","pass","critical","R/cross_fitting_aggregation.R","Final outer-fold weights are recomputed from averaged inner training components."
"implementation","secondary_folds_exclude_outer","pass","critical","R/cross_fitting_algorithms.R","Two-layer cross-fitting excludes the outer fold from secondary calibration folds."
"implementation","initial_fits_out_of_two_folds","pass","critical","R/cross_fitting_algorithms.R","Initial nuisance fits use training folds excluding both k1 and k2."
"implementation","fold_summed_block_design","pass","critical","R/cross_fitting_algorithms.R","Fold-specific plug-ins are represented with block designs in one calibrated optimization."
"implementation","calibrated_nuisance_fits","pass","critical","R/cross_fitting_algorithms.R","Both final gamma and alpha use calibrated nuisance losses."
"nuisance_cv","calibrated_gamma_cv_function","pass","critical","R/model_fitting.R","Calibrated gamma wrapper uses the calibrated density-ratio CV routine."
"nuisance_cv","calibrated_alpha_cv_function","pass","critical","R/model_fitting.R","Calibrated alpha wrapper uses the calibrated outcome CV routine."
"nuisance_cv","density_ratio_training_full_source_scale","pass","info","src/density_ratio.cpp; src/cv_utils.hpp","Density-ratio training gradient is on the full-source empirical scale."
"nuisance_cv","density_ratio_validation_scale","needs_followup","warning","src/cv_utils.hpp","Density-ratio validation appears to average over the treated validation arm. This is not the same empirical scale as E_s[I(A=a)f] in main.tex and should remain under diagnosis."
"oracle_benchmark","oracle_gamma_convention","needs_source_fix_candidate","warning","R/estimators_oracle.R","Oracle DR currently uses raw DGP joint gamma directly. Earlier diagnosis shows source-conditional intercept calibration improves oracle alignment."
