tuning_label,method,n,mean_bias,mean_abs_bias,min_bias,max_bias,coverage_rate,mean_se
nuis1se_aggmin,one_round_crossfit,3,-0.024350269717905465,0.024350269717905465,-0.0278496947886311,-0.0209068835118911,0.3333333333333333,0.010450776671544029
nuis1se_aggmin,oracle_dr,3,-0.0037411452047834137,0.005158208696038634,-0.00739799972910749,0.00212559523688283,1.0,0.013063629169248199
nuis1se_aggmin,two_round_crossfit,3,-0.025847990355947866,0.025847990355947866,-0.0284380325105955,-0.0236200876363664,0.0,0.010505284759711214
nuismin_agg1se,one_round_crossfit,3,-0.028769770687452,0.028769770687452,-0.033510471595028,-0.0212339418509606,0.0,0.010800865784368965
nuismin_agg1se,oracle_dr,3,-0.0037411452047834137,0.005158208696038634,-0.00739799972910749,0.00212559523688283,1.0,0.013063629169248199
nuismin_agg1se,two_round_crossfit,3,-0.028401723320455003,0.028401723320455003,-0.0331046581517447,-0.0203934585790142,0.0,0.010840258655422166
nuismin_aggmin,one_round_crossfit,8,-0.018797333233787558,0.018797333233787558,-0.0283745115287842,-0.00936614763412935,0.625,0.010409803062971927
nuismin_aggmin,oracle_dr,8,-0.0042025195516917895,0.0057945829938989,-0.0103404823520019,0.00424265853194561,1.0,0.012161191569800374
nuismin_aggmin,pooled_dr,8,-0.024468634621485623,0.024468634621485623,-0.0382950247730655,-0.0097560022250478,0.625,0.012863980800950237
nuismin_aggmin,target_only,8,-0.023188173033676124,0.029308988982138753,-0.0505937546419034,0.0145192780451497,0.625,0.019362747116889314
nuismin_aggmin,tilted_aipw,8,-0.019557814306647405,0.019557814306647405,-0.0342765468195305,-0.00962839881962874,0.5,0.010632609150085124
nuismin_aggmin,two_round_crossfit,8,-0.018717465792691464,0.018717465792691464,-0.0270092711046958,-0.0107147163383091,0.625,0.010345621703411561
