tuning_label,seed,K,p,method,truth,estimate,bias,se,covered,run_id
nuis1se_aggmin,40,3,10,one_round_crossfit,0.585287747338966,0.564380863827075,-0.0209068835118911,0.0107243256733766,TRUE,20260528_043633_job9874703_seed40_nuis1se_aggmin
nuis1se_aggmin,40,3,10,oracle_dr,0.585287747338966,0.587413342575849,0.00212559523688283,0.0114825101800315,TRUE,20260528_043633_job9874703_seed40_nuis1se_aggmin
nuis1se_aggmin,40,3,10,two_round_crossfit,0.585287747338966,0.559801896418085,-0.0254858509208817,0.0106243547557188,FALSE,20260528_043633_job9874703_seed40_nuis1se_aggmin
nuis1se_aggmin,120,3,10,one_round_crossfit,0.585287747338966,0.557438052550335,-0.0278496947886311,0.0106549452963154,FALSE,20260528_043634_job9874704_seed120_nuis1se_aggmin
nuis1se_aggmin,120,3,10,oracle_dr,0.585287747338966,0.579336716216841,-0.00595103112212558,0.012875069569766,TRUE,20260528_043634_job9874704_seed120_nuis1se_aggmin
nuis1se_aggmin,120,3,10,two_round_crossfit,0.585287747338966,0.556849714828371,-0.0284380325105955,0.0109373578978719,FALSE,20260528_043634_job9874704_seed120_nuis1se_aggmin
nuis1se_aggmin,464,4,10,one_round_crossfit,0.592694377222588,0.568400146369393,-0.0242942308531942,0.00997305904494008,FALSE,20260528_043634_job9874702_seed464_nuis1se_aggmin
nuis1se_aggmin,464,4,10,oracle_dr,0.592694377222588,0.58529637749348,-0.00739799972910749,0.0148333077579471,TRUE,20260528_043634_job9874702_seed464_nuis1se_aggmin
nuis1se_aggmin,464,4,10,two_round_crossfit,0.592694377222588,0.569074289586221,-0.0236200876363664,0.00995414162554294,FALSE,20260528_043634_job9874702_seed464_nuis1se_aggmin
nuismin_agg1se,40,3,10,one_round_crossfit,0.585287747338966,0.553722848722599,-0.0315648986163674,0.011248839589141,FALSE,20260528_044005_job9874724_seed40_nuismin_agg1se
nuismin_agg1se,40,3,10,oracle_dr,0.585287747338966,0.587413342575849,0.00212559523688283,0.0114825101800315,TRUE,20260528_044005_job9874724_seed40_nuismin_agg1se
nuismin_agg1se,40,3,10,two_round_crossfit,0.585287747338966,0.55358069410836,-0.0317070532306061,0.0112323736209905,FALSE,20260528_044005_job9874724_seed40_nuismin_agg1se
nuismin_agg1se,120,3,10,one_round_crossfit,0.585287747338966,0.551777275743938,-0.033510471595028,0.0109393703035443,FALSE,20260528_044007_job9874726_seed120_nuismin_agg1se
nuismin_agg1se,120,3,10,oracle_dr,0.585287747338966,0.579336716216841,-0.00595103112212558,0.012875069569766,TRUE,20260528_044007_job9874726_seed120_nuismin_agg1se
nuismin_agg1se,120,3,10,two_round_crossfit,0.585287747338966,0.552183089187222,-0.0331046581517447,0.0110863926442427,FALSE,20260528_044007_job9874726_seed120_nuismin_agg1se
nuismin_agg1se,464,4,10,one_round_crossfit,0.592694377222588,0.571460435371627,-0.0212339418509606,0.0102143874604216,FALSE,20260528_044007_job9874725_seed464_nuismin_agg1se
nuismin_agg1se,464,4,10,oracle_dr,0.592694377222588,0.58529637749348,-0.00739799972910749,0.0148333077579471,TRUE,20260528_044007_job9874725_seed464_nuismin_agg1se
nuismin_agg1se,464,4,10,two_round_crossfit,0.592694377222588,0.572300918643573,-0.0203934585790142,0.0102020097010333,FALSE,20260528_044007_job9874725_seed464_nuismin_agg1se
nuismin_aggmin,40,3,10,one_round_crossfit,0.585287747338966,0.562873389665985,-0.0224143576729817,0.0104267049641165,FALSE,20260528_042939_job9874601_seed40_nuismin_aggmin
nuismin_aggmin,40,3,10,oracle_dr,0.585287747338966,0.587413342575849,0.00212559523688283,0.0114825101800315,TRUE,20260528_042939_job9874601_seed40_nuismin_aggmin
nuismin_aggmin,40,3,10,pooled_dr,0.585287747338966,0.561628279035638,-0.0236594683033289,0.0125776879868034,TRUE,20260528_042939_job9874601_seed40_nuismin_aggmin
nuismin_aggmin,40,3,10,target_only,0.585287747338966,0.541465922864719,-0.0438218244742473,0.0192255868584521,FALSE,20260528_042939_job9874601_seed40_nuismin_aggmin
nuismin_aggmin,40,3,10,tilted_aipw,0.585287747338966,0.568871666278344,-0.0164160810606222,0.010380576340992,TRUE,20260528_042939_job9874601_seed40_nuismin_aggmin
nuismin_aggmin,40,3,10,two_round_crossfit,0.585287747338966,0.564134299256292,-0.0211534480826746,0.0103308810260789,FALSE,20260528_042939_job9874601_seed40_nuismin_aggmin
nuismin_aggmin,120,3,10,one_round_crossfit,0.585287747338966,0.556913235810182,-0.0283745115287842,0.0104001590658198,FALSE,20260528_042939_job9874602_seed120_nuismin_aggmin
nuismin_aggmin,120,3,10,oracle_dr,0.585287747338966,0.579336716216841,-0.00595103112212558,0.012875069569766,TRUE,20260528_042939_job9874602_seed120_nuismin_aggmin
nuismin_aggmin,120,3,10,pooled_dr,0.585287747338966,0.546992722565901,-0.0382950247730655,0.0125299387564407,FALSE,20260528_042939_job9874602_seed120_nuismin_aggmin
nuismin_aggmin,120,3,10,target_only,0.585287747338966,0.537557519755442,-0.0477302275835246,0.0187176242990518,FALSE,20260528_042939_job9874602_seed120_nuismin_aggmin
nuismin_aggmin,120,3,10,tilted_aipw,0.585287747338966,0.551011200519436,-0.0342765468195305,0.0107701972952118,FALSE,20260528_042939_job9874602_seed120_nuismin_aggmin
nuismin_aggmin,120,3,10,two_round_crossfit,0.585287747338966,0.558278476234271,-0.0270092711046958,0.0105016281702262,FALSE,20260528_042939_job9874602_seed120_nuismin_aggmin
nuismin_aggmin,220,3,10,one_round_crossfit,0.585287747338966,0.567349431536543,-0.0179383158024238,0.0104041763308028,TRUE,20260528_043301_job9874675_seed220_nuismin_aggmin
nuismin_aggmin,220,3,10,oracle_dr,0.585287747338966,0.577682920979073,-0.00760482635989379,0.0117884261397421,TRUE,20260528_043301_job9874675_seed220_nuismin_aggmin
nuismin_aggmin,220,3,10,pooled_dr,0.585287747338966,0.561331098915263,-0.0239566484237035,0.0124503715384268,TRUE,20260528_043301_job9874675_seed220_nuismin_aggmin
nuismin_aggmin,220,3,10,target_only,0.585287747338966,0.567765290591471,-0.0175224567474953,0.0186707802610304,TRUE,20260528_043301_job9874675_seed220_nuismin_aggmin
nuismin_aggmin,220,3,10,tilted_aipw,0.585287747338966,0.562676791895282,-0.022610955443684,0.0103267174959867,FALSE,20260528_043301_job9874675_seed220_nuismin_aggmin
nuismin_aggmin,220,3,10,two_round_crossfit,0.585287747338966,0.566273804957136,-0.0190139423818306,0.0102299296526691,TRUE,20260528_043301_job9874675_seed220_nuismin_aggmin
nuismin_aggmin,340,3,10,one_round_crossfit,0.585287747338966,0.569155975022528,-0.0161317723164388,0.0102703626099476,TRUE,20260528_043301_job9874677_seed340_nuismin_aggmin
nuismin_aggmin,340,3,10,oracle_dr,0.585287747338966,0.579657863937996,-0.00562988340096993,0.0115999167885771,TRUE,20260528_043301_job9874677_seed340_nuismin_aggmin
nuismin_aggmin,340,3,10,pooled_dr,0.585287747338966,0.563679421364018,-0.0216083259749488,0.0123697339961511,TRUE,20260528_043301_job9874677_seed340_nuismin_aggmin
nuismin_aggmin,340,3,10,target_only,0.585287747338966,0.555624545614194,-0.029663201724772,0.018454225408393,TRUE,20260528_043301_job9874677_seed340_nuismin_aggmin
nuismin_aggmin,340,3,10,tilted_aipw,0.585287747338966,0.564794480978955,-0.0204932663600117,0.00998120007899249,FALSE,20260528_043301_job9874677_seed340_nuismin_aggmin
nuismin_aggmin,340,3,10,two_round_crossfit,0.585287747338966,0.566727943723043,-0.018559803615923,0.0102032931655408,TRUE,20260528_043301_job9874677_seed340_nuismin_aggmin
nuismin_aggmin,460,3,10,one_round_crossfit,0.585287747338966,0.575921599704837,-0.00936614763412935,0.0102320607562686,TRUE,20260528_043301_job9874678_seed460_nuismin_aggmin
nuismin_aggmin,460,3,10,oracle_dr,0.585287747338966,0.582223560120702,-0.00306418721826407,0.0114641744897106,TRUE,20260528_043301_job9874678_seed460_nuismin_aggmin
nuismin_aggmin,460,3,10,pooled_dr,0.585287747338966,0.575531745113919,-0.0097560022250478,0.0126402754615383,TRUE,20260528_043301_job9874678_seed460_nuismin_aggmin
nuismin_aggmin,460,3,10,target_only,0.585287747338966,0.564630564447649,-0.0206571828913169,0.0188464748647029,TRUE,20260528_043301_job9874678_seed460_nuismin_aggmin
nuismin_aggmin,460,3,10,tilted_aipw,0.585287747338966,0.575659348519338,-0.00962839881962874,0.0100717795701496,TRUE,20260528_043301_job9874678_seed460_nuismin_aggmin
nuismin_aggmin,460,3,10,two_round_crossfit,0.585287747338966,0.574390037274378,-0.0108977100645883,0.0102209561690496,TRUE,20260528_043301_job9874678_seed460_nuismin_aggmin
nuismin_aggmin,364,4,10,one_round_crossfit,0.592694377222588,0.571112552115282,-0.0215818251073058,0.0112103858671207,TRUE,20260528_042939_job9874603_seed364_nuismin_aggmin
nuismin_aggmin,364,4,10,oracle_dr,0.592694377222588,0.596937035754533,0.00424265853194561,0.0116254696935442,TRUE,20260528_042939_job9874603_seed364_nuismin_aggmin
nuismin_aggmin,364,4,10,pooled_dr,0.592694377222588,0.56539209503356,-0.0273022821890277,0.0137095762815175,FALSE,20260528_042939_job9874603_seed364_nuismin_aggmin
nuismin_aggmin,364,4,10,target_only,0.592694377222588,0.542100622580684,-0.0505937546419034,0.0205940904069374,FALSE,20260528_042939_job9874603_seed364_nuismin_aggmin
nuismin_aggmin,364,4,10,tilted_aipw,0.592694377222588,0.576739109158806,-0.0159552680637814,0.0107847243695768,TRUE,20260528_042939_job9874603_seed364_nuismin_aggmin
nuismin_aggmin,364,4,10,two_round_crossfit,0.592694377222588,0.573422221802579,-0.0192721554200083,0.0109429957088388,TRUE,20260528_042939_job9874603_seed364_nuismin_aggmin
nuismin_aggmin,464,4,10,one_round_crossfit,0.592694377222588,0.569567779771797,-0.0231265974507909,0.0101460323700257,FALSE,20260528_043301_job9874676_seed464_nuismin_aggmin
nuismin_aggmin,464,4,10,oracle_dr,0.592694377222588,0.58529637749348,-0.00739799972910749,0.0148333077579471,TRUE,20260528_043301_job9874676_seed464_nuismin_aggmin
nuismin_aggmin,464,4,10,pooled_dr,0.592694377222588,0.561703697007481,-0.0309906802151063,0.0130602974750023,FALSE,20260528_043301_job9874676_seed464_nuismin_aggmin
nuismin_aggmin,464,4,10,target_only,0.592694377222588,0.607213655267737,0.0145192780451497,0.0200540844520359,TRUE,20260528_043301_job9874676_seed464_nuismin_aggmin
nuismin_aggmin,464,4,10,tilted_aipw,0.592694377222588,0.569444793221541,-0.0232495840010466,0.0111272834831278,FALSE,20260528_043301_job9874676_seed464_nuismin_aggmin
nuismin_aggmin,464,4,10,two_round_crossfit,0.592694377222588,0.569575697889086,-0.023118679333502,0.0101615420106834,FALSE,20260528_043301_job9874676_seed464_nuismin_aggmin
nuismin_aggmin,564,4,10,one_round_crossfit,0.592694377222588,0.581249238865142,-0.0114451383574459,0.0101885425396737,TRUE,20260528_043301_job9874679_seed564_nuismin_aggmin
nuismin_aggmin,564,4,10,oracle_dr,0.592694377222588,0.582353894870586,-0.0103404823520019,0.0116206579390844,TRUE,20260528_043301_job9874679_seed564_nuismin_aggmin
nuismin_aggmin,564,4,10,pooled_dr,0.592694377222588,0.572513732354931,-0.0201806448676565,0.0135739649117218,TRUE,20260528_043301_job9874679_seed564_nuismin_aggmin
nuismin_aggmin,564,4,10,target_only,0.592694377222588,0.602658362971288,0.00996398574870083,0.020339110384511,TRUE,20260528_043301_job9874679_seed564_nuismin_aggmin
nuismin_aggmin,564,4,10,tilted_aipw,0.592694377222588,0.578861963337713,-0.0138324138848741,0.0116183945666438,TRUE,20260528_043301_job9874679_seed564_nuismin_aggmin
nuismin_aggmin,564,4,10,two_round_crossfit,0.592694377222588,0.581979660884278,-0.0107147163383091,0.0101737477242057,TRUE,20260528_043301_job9874679_seed564_nuismin_aggmin
