tag,mode,current_mean_bias,current_mean_abs_bias,best_gamma_label,best_alpha_label,best_mean_bias,best_mean_abs_bias,best_mean_delta,best_mean_mu_pred_bias
c2_k3p10_seed120,one_round,-0.0155009340178596,0.05436346510120769,x10,current,-0.00909728064292479,0.054057366323226004,0.006292112617261942,-0.01538939326018679
c2_k3p10_seed120,two_round,-0.01607525981423654,0.054941324387736384,x10,current,-0.009212901251876786,0.05420455862284957,0.006276710439190864,-0.015489611691067672
c2_k3p10_seed40,one_round,-0.01548318246705314,0.06200478748434384,zero,lambda_1se,-0.00548137540713711,0.059846151563920744,0.011253872020601123,-0.01673524742773823
c2_k3p10_seed40,two_round,-0.016203397894609572,0.06331969851509989,zero,lambda_1se,-0.005622963619267832,0.05988521988863744,0.010453484839279588,-0.01607644845854746
c2_k3p50_seed9,one_round,-0.012425749044362644,0.049984726756708335,x0.1,zero,0.00927113434000567,0.05389553293917052,0.028299036258072115,-0.019027901918066505
c2_k3p50_seed9,two_round,-0.011754270518414385,0.05017716372852724,x0.1,x0.01,0.009313051400150069,0.05454850063936868,0.02825199030996634,-0.018938938909816332
c2_k4p10_seed364,one_round,-0.009002907781439012,0.0696528863112145,x0.1,current,-0.00030369818697366656,0.07106477721142712,0.00818553266538607,-0.008489230852359714
c2_k4p10_seed364,two_round,-0.006832803659360972,0.06772764843815401,x0.01,zero,0.00023290184457834263,0.07355091585334643,0.008967902680138409,-0.008735000835560065
c2_k4p50_seed484,one_round,-0.023566250781912122,0.06237775457751019,zero,zero,-0.00964468933607933,0.1000960324023313,0.006003231802651887,-0.01564792113873122
c2_k4p50_seed484,two_round,-0.022070964953034036,0.06208596575466772,zero,zero,-0.00967360034688329,0.09952727557749619,0.0059663508006217395,-0.01563995114750512
