tag,mode,nuisance,label,ok,n,mean_lambda,mean_support,errors
c2_k3p10_seed120,one_round,alpha,current,TRUE,30,0.030967763889626677,0.2,NA
c2_k3p10_seed120,one_round,alpha,lambda_1se,TRUE,30,0.032555296520621356,0.03333333333333333,NA
c2_k3p10_seed120,one_round,alpha,x0.01,TRUE,30,0.0003096776388962668,9.9,NA
c2_k3p10_seed120,one_round,alpha,x0.1,TRUE,30,0.003096776388962668,9.0,NA
c2_k3p10_seed120,one_round,alpha,x10,TRUE,30,0.3096776388962667,0.0,NA
c2_k3p10_seed120,one_round,alpha,zero,TRUE,30,0.0,10.0,NA
c2_k3p10_seed120,one_round,gamma,current,TRUE,30,0.026670517468717538,1.5,NA
c2_k3p10_seed120,one_round,gamma,lambda_1se,TRUE,30,0.047260641656153596,0.5666666666666667,NA
c2_k3p10_seed120,one_round,gamma,x0.01,TRUE,30,0.00026670517468717537,9.9,NA
c2_k3p10_seed120,one_round,gamma,x0.1,TRUE,30,0.0026670517468717534,9.1,NA
c2_k3p10_seed120,one_round,gamma,x10,TRUE,30,0.2667051746871754,0.0,NA
c2_k3p10_seed120,one_round,gamma,zero,TRUE,30,0.0,10.0,NA
c2_k3p10_seed120,two_round,alpha,current,TRUE,30,0.031068599524837613,0.3,NA
c2_k3p10_seed120,two_round,alpha,lambda_1se,TRUE,30,0.03325121946466496,0.0,NA
c2_k3p10_seed120,two_round,alpha,x0.01,TRUE,30,0.00031068599524837617,9.9,NA
c2_k3p10_seed120,two_round,alpha,x0.1,TRUE,30,0.003106859952483762,8.966666666666667,NA
c2_k3p10_seed120,two_round,alpha,x10,TRUE,30,0.3106859952483762,0.0,NA
c2_k3p10_seed120,two_round,alpha,zero,TRUE,30,0.0,10.0,NA
c2_k3p10_seed120,two_round,gamma,current,TRUE,30,0.025144299910703785,1.6,NA
c2_k3p10_seed120,two_round,gamma,lambda_1se,TRUE,30,0.04824135099706149,0.4,NA
c2_k3p10_seed120,two_round,gamma,x0.01,TRUE,30,0.0002514429991070379,9.9,NA
c2_k3p10_seed120,two_round,gamma,x0.1,TRUE,30,0.002514429991070379,9.133333333333333,NA
c2_k3p10_seed120,two_round,gamma,x10,TRUE,30,0.25144299910703777,0.0,NA
c2_k3p10_seed120,two_round,gamma,zero,TRUE,30,0.0,10.0,NA
c2_k3p10_seed40,one_round,alpha,current,TRUE,30,0.031046366036696513,0.6333333333333333,NA
c2_k3p10_seed40,one_round,alpha,lambda_1se,TRUE,30,0.03591097295390811,0.0,NA
c2_k3p10_seed40,one_round,alpha,x0.01,TRUE,30,0.00031046366036696524,9.933333333333334,NA
c2_k3p10_seed40,one_round,alpha,x0.1,TRUE,30,0.003104636603669651,8.466666666666667,NA
c2_k3p10_seed40,one_round,alpha,x10,TRUE,30,0.3104636603669652,0.0,NA
c2_k3p10_seed40,one_round,alpha,zero,TRUE,30,0.0,10.0,NA
c2_k3p10_seed40,one_round,gamma,current,TRUE,30,0.02307974893283644,2.533333333333333,NA
c2_k3p10_seed40,one_round,gamma,lambda_1se,TRUE,30,0.04848284927198151,0.5,NA
c2_k3p10_seed40,one_round,gamma,x0.01,TRUE,30,0.0002307974893283645,9.966666666666667,NA
c2_k3p10_seed40,one_round,gamma,x0.1,TRUE,30,0.0023079748932836454,9.033333333333333,NA
c2_k3p10_seed40,one_round,gamma,x10,TRUE,30,0.2307974893283645,0.03333333333333333,NA
c2_k3p10_seed40,one_round,gamma,zero,TRUE,30,0.0,10.0,NA
c2_k3p10_seed40,two_round,alpha,current,TRUE,30,0.03313523350937433,0.3333333333333333,NA
c2_k3p10_seed40,two_round,alpha,lambda_1se,TRUE,30,0.03578576793157169,0.0,NA
c2_k3p10_seed40,two_round,alpha,x0.01,TRUE,30,0.00033135233509374337,9.833333333333334,NA
c2_k3p10_seed40,two_round,alpha,x0.1,TRUE,30,0.003313523350937432,8.1,NA
c2_k3p10_seed40,two_round,alpha,x10,TRUE,30,0.33135233509374334,0.0,NA
c2_k3p10_seed40,two_round,alpha,zero,TRUE,30,0.0,10.0,NA
c2_k3p10_seed40,two_round,gamma,current,TRUE,30,0.025773859401049048,2.1,NA
c2_k3p10_seed40,two_round,gamma,lambda_1se,TRUE,30,0.04689433959386037,0.6,NA
c2_k3p10_seed40,two_round,gamma,x0.01,TRUE,30,0.0002577385940104905,9.933333333333334,NA
c2_k3p10_seed40,two_round,gamma,x0.1,TRUE,30,0.0025773859401049056,8.866666666666667,NA
c2_k3p10_seed40,two_round,gamma,x10,TRUE,30,0.2577385940104905,0.0,NA
c2_k3p10_seed40,two_round,gamma,zero,TRUE,30,0.0,10.0,NA
c2_k3p50_seed9,one_round,alpha,current,TRUE,30,0.047779787015417824,0.3333333333333333,NA
c2_k3p50_seed9,one_round,alpha,lambda_1se,TRUE,30,0.050551856618370604,0.0,NA
c2_k3p50_seed9,one_round,alpha,x0.01,TRUE,30,0.00047779787015417817,48.93333333333333,NA
c2_k3p50_seed9,one_round,alpha,x0.1,TRUE,30,0.0047779787015417826,40.8,NA
c2_k3p50_seed9,one_round,alpha,x10,TRUE,30,0.4777978701541781,0.0,NA
c2_k3p50_seed9,one_round,alpha,zero,TRUE,30,0.0,50.0,NA
c2_k3p50_seed9,one_round,gamma,current,TRUE,30,0.032593330273897415,1.3333333333333333,NA
c2_k3p50_seed9,one_round,gamma,lambda_1se,TRUE,30,0.04260453455821286,0.4666666666666667,NA
c2_k3p50_seed9,one_round,gamma,x0.01,TRUE,30,0.0003259333027389741,49.06666666666667,NA
c2_k3p50_seed9,one_round,gamma,x0.1,TRUE,30,0.003259333027389741,41.63333333333333,NA
c2_k3p50_seed9,one_round,gamma,x10,TRUE,30,0.32593330273897414,0.0,NA
c2_k3p50_seed9,one_round,gamma,zero,TRUE,30,0.0,50.0,NA
c2_k3p50_seed9,two_round,alpha,current,TRUE,30,0.04635863092299338,0.7,NA
c2_k3p50_seed9,two_round,alpha,lambda_1se,TRUE,30,0.050376250277240235,0.0,NA
c2_k3p50_seed9,two_round,alpha,x0.01,TRUE,30,0.0004635863092299338,49.1,NA
c2_k3p50_seed9,two_round,alpha,x0.1,TRUE,30,0.004635863092299338,41.06666666666667,NA
c2_k3p50_seed9,two_round,alpha,x10,TRUE,30,0.4635863092299337,0.0,NA
c2_k3p50_seed9,two_round,alpha,zero,TRUE,30,0.0,50.0,NA
c2_k3p50_seed9,two_round,gamma,current,TRUE,30,0.03218991743434495,1.3333333333333333,NA
c2_k3p50_seed9,two_round,gamma,lambda_1se,TRUE,30,0.04089731800606446,0.43333333333333335,NA
c2_k3p50_seed9,two_round,gamma,x0.01,TRUE,30,0.00032189917434344956,49.03333333333333,NA
c2_k3p50_seed9,two_round,gamma,x0.1,TRUE,30,0.0032189917434344946,41.8,NA
c2_k3p50_seed9,two_round,gamma,x10,TRUE,30,0.32189917434344945,0.0,NA
c2_k3p50_seed9,two_round,gamma,zero,TRUE,30,0.0,50.0,NA
c2_k4p10_seed364,one_round,alpha,current,TRUE,40,0.03471966560738766,1.775,NA
c2_k4p10_seed364,one_round,alpha,lambda_1se,TRUE,40,0.04904465037393442,0.1,NA
c2_k4p10_seed364,one_round,alpha,x0.01,TRUE,40,0.0003471966560738766,9.9,NA
c2_k4p10_seed364,one_round,alpha,x0.1,TRUE,40,0.0034719665607387653,9.1,NA
c2_k4p10_seed364,one_round,alpha,x10,TRUE,40,0.3471966560738764,0.0,NA
c2_k4p10_seed364,one_round,alpha,zero,TRUE,40,0.0,10.0,NA
c2_k4p10_seed364,one_round,gamma,current,TRUE,40,0.029239199965609974,0.975,NA
c2_k4p10_seed364,one_round,gamma,lambda_1se,TRUE,40,0.0538941615849606,0.45,NA
c2_k4p10_seed364,one_round,gamma,x0.01,TRUE,40,0.00029239199965609973,9.925,NA
c2_k4p10_seed364,one_round,gamma,x0.1,TRUE,40,0.002923919996560997,8.825,NA
c2_k4p10_seed364,one_round,gamma,x10,TRUE,40,0.29239199965609974,0.0,NA
c2_k4p10_seed364,one_round,gamma,zero,TRUE,40,0.0,10.0,NA
c2_k4p10_seed364,two_round,alpha,current,TRUE,40,0.03774252544563407,1.35,NA
c2_k4p10_seed364,two_round,alpha,lambda_1se,TRUE,40,0.04870261502129668,0.125,NA
c2_k4p10_seed364,two_round,alpha,x0.01,TRUE,40,0.0003774252544563407,9.9,NA
c2_k4p10_seed364,two_round,alpha,x0.1,TRUE,40,0.003774252544563408,8.925,NA
c2_k4p10_seed364,two_round,alpha,x10,TRUE,40,0.3774252544563407,0.0,NA
c2_k4p10_seed364,two_round,alpha,zero,TRUE,40,0.0,10.0,NA
c2_k4p10_seed364,two_round,gamma,current,TRUE,40,0.028543631697838762,1.0,NA
c2_k4p10_seed364,two_round,gamma,lambda_1se,TRUE,40,0.051246275123991034,0.475,NA
c2_k4p10_seed364,two_round,gamma,x0.01,TRUE,40,0.0002854363169783877,9.825,NA
c2_k4p10_seed364,two_round,gamma,x0.1,TRUE,40,0.002854363169783876,8.875,NA
c2_k4p10_seed364,two_round,gamma,x10,TRUE,40,0.2854363169783876,0.0,NA
c2_k4p10_seed364,two_round,gamma,zero,TRUE,40,0.0,10.0,NA
c2_k4p50_seed484,one_round,alpha,current,TRUE,40,0.04719907463000609,3.15,NA
c2_k4p50_seed484,one_round,alpha,lambda_1se,TRUE,40,0.059368984500284896,0.0,NA
c2_k4p50_seed484,one_round,alpha,x0.01,TRUE,40,0.0004719907463000608,49.1,NA
c2_k4p50_seed484,one_round,alpha,x0.1,TRUE,40,0.004719907463000606,42.1,NA
c2_k4p50_seed484,one_round,alpha,x10,TRUE,40,0.47199074630006066,0.0,NA
c2_k4p50_seed484,one_round,alpha,zero,TRUE,40,0.0,50.0,NA
c2_k4p50_seed484,one_round,gamma,current,TRUE,40,0.03236023263438323,2.125,NA
c2_k4p50_seed484,one_round,gamma,lambda_1se,TRUE,40,0.05316540129405593,0.375,NA
c2_k4p50_seed484,one_round,gamma,x0.01,TRUE,40,0.0003236023263438322,49.275,NA
c2_k4p50_seed484,one_round,gamma,x0.1,TRUE,40,0.003236023263438323,41.0,NA
c2_k4p50_seed484,one_round,gamma,x10,TRUE,40,0.32360232634383224,0.0,NA
c2_k4p50_seed484,one_round,gamma,zero,TRUE,40,0.0,50.0,NA
c2_k4p50_seed484,two_round,alpha,current,TRUE,40,0.04630759455260705,3.75,NA
c2_k4p50_seed484,two_round,alpha,lambda_1se,TRUE,40,0.05946112654353116,0.0,NA
c2_k4p50_seed484,two_round,alpha,x0.01,TRUE,40,0.0004630759455260705,49.225,NA
c2_k4p50_seed484,two_round,alpha,x0.1,TRUE,40,0.004630759455260706,42.35,NA
c2_k4p50_seed484,two_round,alpha,x10,TRUE,40,0.46307594552607056,0.0,NA
c2_k4p50_seed484,two_round,alpha,zero,TRUE,40,0.0,50.0,NA
c2_k4p50_seed484,two_round,gamma,current,TRUE,40,0.03434001562108806,1.775,NA
c2_k4p50_seed484,two_round,gamma,lambda_1se,TRUE,40,0.053798151015237175,0.35,NA
c2_k4p50_seed484,two_round,gamma,x0.01,TRUE,40,0.0003434001562108805,49.2,NA
c2_k4p50_seed484,two_round,gamma,x0.1,TRUE,40,0.0034340015621088056,40.3,NA
c2_k4p50_seed484,two_round,gamma,x10,TRUE,40,0.3434001562108806,0.0,NA
c2_k4p50_seed484,two_round,gamma,zero,TRUE,40,0.0,50.0,NA
