tag,mode,variant,n,mean_bias,mean_abs_bias,median_abs_bias,mean_delta
c2_k3p10_seed120,one_round,estimated_gamma_true_alpha,30,-0.012649825683310733,0.04953854225573728,0.0395480395870179,-0.012649825683310727
c2_k3p10_seed120,one_round,true_gamma_estimated_alpha,30,0.0010484179668253132,0.062012670397154405,0.05721874367902085,0.016437811227012114
c2_k3p10_seed120,one_round,true_gamma_true_alpha,30,-0.014167773219124592,0.05909791172644495,0.051549959163092296,-0.014167773219124598
c2_k3p10_seed120,two_round,estimated_gamma_true_alpha,30,-0.01305987896125681,0.04930991119042482,0.03956922834148715,-0.013059878961256816
c2_k3p10_seed120,two_round,true_gamma_estimated_alpha,30,0.0008861831028086175,0.062044041062652815,0.0571108884356865,0.01637579479387635
c2_k3p10_seed120,two_round,true_gamma_true_alpha,30,-0.014167773219124592,0.05909791172644495,0.051549959163092296,-0.014167773219124598
c2_k3p10_seed40,one_round,estimated_gamma_true_alpha,30,-0.007114780874127705,0.053183583183294164,0.043543631532306254,-0.007114780874127702
c2_k3p10_seed40,one_round,true_gamma_estimated_alpha,30,-0.010657910672572756,0.06636741075566537,0.060216190974339695,0.006125300400157704
c2_k3p10_seed40,one_round,true_gamma_true_alpha,30,-0.009939179479597533,0.06246995693867244,0.04834659108024335,-0.009939179479597538
c2_k3p10_seed40,two_round,estimated_gamma_true_alpha,30,-0.006637894804592354,0.05317619700636606,0.04297280085784015,-0.006637894804592352
c2_k3p10_seed40,two_round,true_gamma_estimated_alpha,30,-0.010891136737920722,0.066466854474004,0.0610066627947612,0.005407431774370978
c2_k3p10_seed40,two_round,true_gamma_true_alpha,30,-0.009939179479597533,0.06246995693867244,0.04834659108024335,-0.009939179479597538
c2_k3p50_seed9,one_round,estimated_gamma_true_alpha,30,-0.00034992437175180766,0.04675550618357637,0.03911717996391455,-0.0003499243717517989
c2_k3p50_seed9,one_round,true_gamma_estimated_alpha,30,-0.005633433333698772,0.055800020266102396,0.046265884510105604,0.006261145165384147
c2_k3p50_seed9,one_round,true_gamma_true_alpha,30,0.00035009902132005036,0.05879494274701213,0.05488306563716205,0.00035009902132004483
c2_k3p50_seed9,two_round,estimated_gamma_true_alpha,30,-0.0001316842271262111,0.04692858022214124,0.03914005888098405,-0.0001316842271262194
c2_k3p50_seed9,two_round,true_gamma_estimated_alpha,30,-0.005046068603792466,0.05609845729313266,0.046660274860771,0.006852258891175939
c2_k3p50_seed9,two_round,true_gamma_true_alpha,30,0.00035009902132005036,0.05879494274701213,0.05488306563716205,0.00035009902132004483
c2_k4p10_seed364,one_round,estimated_gamma_true_alpha,40,0.000555372534772746,0.06684406418060806,0.0564615959281812,0.0005553725347727349
c2_k4p10_seed364,one_round,true_gamma_estimated_alpha,40,-0.004454602152898888,0.07688481847760248,0.05959482449525655,0.004034628699460823
c2_k4p10_seed364,one_round,true_gamma_true_alpha,40,1.6704968532409853e-05,0.07608215522774116,0.06730245228465576,1.6704968532411242e-05
c2_k4p10_seed364,two_round,estimated_gamma_true_alpha,40,0.00041610336441762696,0.06683434470449312,0.05555553685850455,0.00041610336441762414
c2_k4p10_seed364,two_round,true_gamma_estimated_alpha,40,-0.001939069812706383,0.07515285869198554,0.057851527458157304,0.005571292194829968
c2_k4p10_seed364,two_round,true_gamma_true_alpha,40,1.6704968532409853e-05,0.07608215522774116,0.06730245228465576,1.6704968532411242e-05
c2_k4p50_seed484,one_round,estimated_gamma_true_alpha,40,-0.01843140091386755,0.062024944015950864,0.0587753887241811,-0.018431400913867545
c2_k4p50_seed484,one_round,true_gamma_estimated_alpha,40,-0.014361266476409323,0.07013520270287238,0.049251591808999046,0.008074531305849161
c2_k4p50_seed484,one_round,true_gamma_true_alpha,40,-0.022465781042363867,0.07144194632170285,0.058835894059605945,-0.022465781042363887
c2_k4p50_seed484,two_round,estimated_gamma_true_alpha,40,-0.018393358258885006,0.06243690770513836,0.061009569087274854,-0.018393358258885006
c2_k4p50_seed484,two_round,true_gamma_estimated_alpha,40,-0.0134009885517963,0.07043195131379473,0.050986733728133046,0.008606565690352924
c2_k4p50_seed484,two_round,true_gamma_true_alpha,40,-0.022465781042363867,0.07144194632170285,0.058835894059605945,-0.022465781042363887
